index,prediction
126251,1.2 fluid ounce
126252,160.0 gram
126253,30.0 kilowatt
126254,12.0 volt
126255,5.0 fluid ounce
126256,1.0 gram
126257,30.0 millilitre
126258,90.0 gram
126259,18.0 volt
126260,35.0 watt
126261,35.0 gram
126262,438.0 gram
126263,200.0 gram
126264,1.0 fluid ounce
126265,4.0 gram
126266,325.0 fluid ounce
126267,"[220.0, 240.0] volt"
126268,80.0 pound
126269,10.0 gram
126270,120.0 gram
126271,15.0 gram
126272,98.0 kilogram
126273,98 kilogram
126274,150.0 gram
126275,20.0 gram
126276,15.0 pound
126277,4.0 gram
126278,100.0 gram
126279,8.0 fluid ounce
126280,1.0 gram
126281,1.2 volt
126282,20.0 kilogram
126283,16.0 fluid ounce
126284,110.0 pound
126285,10.0 gram
126286,20.0 litre
126287,12.0 fluid ounce
126288,0.0 watt
126289,20.0 pound
126290,20.0 pound
126291,220.0 pound
126292,220.0 pound
126293,14.0 ton
126294,400.0 pound
126295,400.0 pound
126296,1100.0 pound
126297,1.85 pound
126298,8.0 fluid ounce
126299,11.3 kilogram
126300,32.0 fluid ounce
126301,453.0 gram
126302,500 pound
126303,16.0 horsepower
126304,15.0 pound
126305,0.24 pound
126306,3250.0 watt
126307,3250.0 gram
126308,4.5 pound
126309,450.0 watt
126310,450.0 gram
126311,5.0 ounce
126312,4.0 ounce
126313,6 kilogram
126314,6.0 kilogram
126315,32.0 fluid ounce
126316,7.0 fluid ounce
126317,10.0 kilogram
126318,4.0 pound
126319,15.0 pound
126320,5.0 kilogram
126321,100.0 gram
126322,5436334.0 gram
126323,5436334.0 gram
126324,1000.0 gram
126325,12.0 fluid ounce
126326,12.0 gram
126327,16.9 fluid ounce
126328,16 ounce
126329,1465.0 kilogram
126330,269.0 pound
126331,1.0 fluid ounce
126332,3.3 kilogram
126333,100.0 gram
126334,100.0 gram
126335,700.0 gram
126336,20.0 pound
126337,12.72 ounce
126338,2.0 fluid ounce
126339,8.5 fluid ounce
126340,20.0 ounce
126341,113.0 gram
126342,20.0 fluid ounce
126343,95 gram
126344,485.0 pound
126345,64.0 gram
126346,7.2 millilitre
126347,3.2 pound
126348,8.0 gram
126349,68.0 fluid ounce
126350,146.0 fluid ounce
126351,3.5 ounce
126352,3.5 ounce
126353,330.0 gram
126354,312.0 gram
126355,10.0 inch
126356,31.0 gram
126357,400.0 pound
126358,240.0 volt
126359,16.9 fluid ounce
126360,6.4 gram
126361,24.0 gram
126362,600.0 pound
126363,1.0 watt
126364,1.0 milligram
126365,17.0 pound
126366,17.0 pound
126367,30.0 gram
126368,3.0 pound
126369,7.0 gram
126370,1.0 kilogram
126371,2.0 ton
126372,12.0 fluid ounce
126373,1.0 gram
126374,1.0 gram
126375,4.0 gram
126376,1.17 pound
126377,12.0 ton
126378,5.0 pound
126379,274.0 gram
126380,274.0 gram
126381,5.0 watt
126382,3.0 ton
126383,24.0 pound
126384,154.0 fluid ounce
126385,5.0 watt
126386,3.0 ton
126387,80.0 gram
126388,907 kilogram
126389,37.5 gram
126390,10.0 fluid ounce
126391,162.0 gram
126392,1050.0 watt
126393,1050.0 gram
126394,0.8 pound
126395,500.0 gram
126396,35.0 millilitre
126397,246.0 watt
126398,110.0 volt
126399,8.0 gram
126400,1.0 gram
126401,600.0 pound
126402,180.0 pound
126403,3.96 pound
126404,100.0 gram
126405,7.0 ton
126406,32.0 fluid ounce
126407,64.0 gram
126408,12.0 fluid ounce
126409,170.1 gram
126410,0.0 watt
126411,29.5 pound
126412,42 gram
126413,6.6 pound
126414,6.6 pound
126415,21.5 pound
126416,5.0 pound
126417,9.0 gram
126418,40.0 pound
126419,237.0 millilitre
126420,0.7 ounce
126421,2.0 horsepower
126422,100.0 gram
126423,32.0 fluid ounce
126424,20.0 watt
126425,11.0 ton
126426,300.0 pound
126427,12.0 ton
126428,12.0 ton
126429,298.0 gram
126430,1.2 pound
126431,720.0 gram
126432,480.0 gram
126433,32.0 fluid ounce
126434,720.0 gram
126435,1.5 pound
126436,1.0 gram
126437,1.0 gram
126438,12.0 fluid ounce
126439,750.0 millilitre
126440,0.6 ounce
126441,3.0 pound
126442,16.0 fluid ounce
126443,29.0 gram
126444,3.78 litre
126445,300.0 pound
126446,6.49 gram
126447,995.0 gram
126448,3.0 watt
126449,100.0 gram
126450,1.35 volt
126451,256.0 gram
126452,70.0 ton
126453,8.5 fluid ounce
126454,500.0 pound
126455,1.65 pound
126456,1.65 pound
126457,5.5 gallon
126458,24.0 watt
126459,50.0 gram
126460,350.0 pound
126461,10.0 gram
126462,300.0 pound
126463,300.0 pound
126464,86.0 pound
126465,25 pound
126466,150.0 pound
126467,48.0 gram
126468,350.0 pound
126469,12.0 volt
126470,28.0 gram
126471,385.0 millilitre
126472,1.2 volt
126473,15.0 pound
126474,14.0 ton
126475,14.0 ton
126476,1.35 volt
126477,8.0 fluid ounce
126478,420.0 gram
126479,1000.0 gram
126480,3.4 fluid ounce
126481,12.0 ton
126482,12.0 ton
126483,5.5 pound
126484,100.0 watt
126485,5.0 volt
126486,1700.0 pound
126487,100.0 gram
126488,1.8 volt
126489,120.0 pound
126490,500.0 millilitre
126491,35.0 pound
126492,350 pound
126493,1.0 fluid ounce
126494,650.0 gram
126495,3.0 pound
126496,150.0 gram
126497,250.0 gram
126498,60.0 gram
126499,1.5 pound
126500,1900.0 gram
126501,10.1 fluid ounce
126502,77.0 pound
126503,170.1 gram
126504,12.0 fluid ounce
126505,5.2 pound
126506,100.0 gram
126507,0.7 fluid ounce
126508,1.35 volt
126509,850.0 pound
126510,3.0 gram
126511,175.0 gram
126512,1.119 pound
126513,32.0 gram
126514,355.0 millilitre
126515,64.0 gram
126516,25.0 gram
126517,25.0 gram
126518,1.6 pound
126519,1.2 volt
126520,16.0 gram
126521,4.8 pound
126522,1.0 watt
126523,12.0 fluid ounce
126524,13.0 inch
126525,13.0 gram
126526,15.0 fluid ounce
126527,1.0 pound
126528,88.0 pound
126529,6.0 fluid ounce
126530,385.0 watt
126531,5.0 volt
126532,165.0 gram
126533,1.0 kilogram
126534,12.0 fluid ounce
126535,9.0 ton
126536,2000.0 gram
126537,2.0 gram
126538,40.0 pound
126539,12.0 fluid ounce
126540,77.0 gram
126541,56.0 ounce
126542,12.0 fluid ounce
126543,300.0 gram
126544,4.0 gram
126545,50.0 gram
126546,440.0 pound
126547,16.0 fluid ounce
126548,11.0 pound
126549,11.0 pound
126550,80.0 watt
126551,2100.0 volt
126552,9.0 gram
126553,0.25 fluid ounce
126554,550.0 pound
126555,1.0 watt
126556,220.0 pound
126557,5.0 pound
126558,1.0 gram
126559,200.0 millilitre
126560,750.0 millilitre
126561,11.0 gram
126562,4.4 pound
126563,3.785 litre
126564,700.0 pound
126565,8.0 fluid ounce
126566,82.5 gram
126567,100.0 gram
126568,2.7 kilogram
126569,12.0 fluid ounce
126570,2.0 pound
126571,100.0 pound
126572,100.0 pound
126573,567.0 gram
126574,1.0 fluid ounce
126575,"[15.0, 30.0] pound"
126576,"[15.0, 30.0] pound"
126577,209.0 pound
126578,10.0 gram
126579,1.5 pound
126580,1.1 volt
126581,165 pound
126582,10.0 pound
126583,55.0 pound
126584,0.6 pound
126585,255.0 gram
126586,750.0 gram
126587,750.0 watt
126588,170.0 gram
126589,100.0 gram
126590,500.0 millilitre
126591,32.0 fluid ounce
126592,3500.0 gram
126593,99.0 watt
126594,99.0 gram
126595,3.0 fluid ounce
126596,7.25 pound
126597,7.25 kilogram
126598,10.0 millilitre
126599,11.0 pound
126600,5.0 fluid ounce
126601,14.0 pound
126602,13.0 gram
126603,13.0 inch
126604,9.0 gram
126605,300.0 gram
126606,100.0 gram
126607,10.0 fluid ounce
126608,660.0 pound
126609,0.0 gram
126610,32.0 gram
126611,20.0 gram
126612,50.0 pound
126613,1.0 litre
126614,250.0 pound
126615,250.0 pound
126616,100.0 watt
126617,450.0 pound
126618,450.0 pound
126619,660.0 pound
126620,3.0 ton
126621,1.2 volt
126622,12.0 fluid ounce
126623,15.0 pound
126624,246.0 gram
126625,33.0 pound
126626,2.0 pound
126627,5.0 volt
126628,69.0 fluid ounce
126629,450.0 gram
126630,5180.0 gram
126631,33.0 kilogram
126632,440.0 pound
126633,440.0 pound
126634,4.0 ton
126635,500.0 millilitre
126636,20.0 fluid ounce
126637,400.0 gram
126638,1200.0 pound
126639,10.0 watt
126640,6.0 pound
126641,240 gram
126642,120.0 fluid ounce
126643,1.5 fluid ounce
126644,155.0 gram
126645,2.0 ton
126646,6.0 fluid ounce
126647,12.0 fluid ounce
126648,100.0 pound
126649,350.0 pound
126650,350.0 pound
126651,4.0 gram
126652,6.0 watt
126653,35.0 gram
126654,13.0 inch
126655,812.0 gram
126656,1.44 gram
126657,1.44 inch
126658,310.0 watt
126659,310.0 volt
126660,250.0 pound
126661,250.0 pound
126662,999.0 gram
126663,787.0 watt
126664,220.0 pound
126665,220.0 pound
126666,2.0 gram
126667,128.0 fluid ounce
126668,1.0 gram
126669,12.0 watt
126670,7.9 ounce
126671,100.0 kilogram
126672,4.0 fluid ounce
126673,666.0 gram
126674,12.0 millilitre
126675,450.0 pound
126676,344.0 gram
126677,5.0 quart
126678,550.0 pound
126679,15.0 pound
126680,15.0 pound
126681,3.0 gram
126682,2.0 pound
126683,33.0 pound
126684,100.0 ton
126685,100.0 gram
126686,1.0 gram
126687,276.0 gram
126688,400.0 gram
126689,400.0 watt
126690,250.0 pound
126691,250 pound
126692,2.0 fluid ounce
126693,400 pound
126694,2.0 fluid ounce
126695,1.1 volt
126696,"[213.0, 230.0] volt"
126697,2.04 kilogram
126698,40.0 pound
126699,4943768.0 gram
126700,1.0 gram
126701,100.0 watt
126702,160.0 gram
126703,16.9 fluid ounce
126704,400.0 gram
126705,14.0 ounce
126706,150 gram
126707,45 kilogram
126708,45.0 kilogram
126709,156.53 pound
126710,"[21.5, 60.0] pound"
126711,10.0 fluid ounce
126712,60.0 watt
126713,10.4 pound
126714,10.4 pound
126715,10.0 ounce
126716,10.0 gram
126717,1.5 pound
126718,1.2 fluid ounce
126719,16.0 watt
126720,7.0 ounce
126721,113.0 kilogram
126722,3.5 pound
126723,9.0 gram
126724,130.0 gram
126725,16.0 gram
126726,100.0 pound
126727,5.07 pound
126728,5.07 pound
126729,11.0 millilitre
126730,157.7 pound
126731,4.7 gram
126732,2400.0 volt
126733,600.0 pound
126734,12.0 volt
126735,600.0 pound
126736,600.0 pound
126737,2000.0 gram
126738,2000.0 watt
126739,3.33 cubic inch
126740,1080.0 gram
126741,90.0 gram
126742,90.0 watt
126743,100000.0 gram
126744,13.5 gram
126745,22.0 pound
126746,22.0 pound
126747,800.0 pound
126748,82 gram
126749,24.0 pound
126750,100.0 watt
126751,100.0 gram
126752,50.0 gram
126753,300 pound
126754,250.0 millilitre
126755,28.0 gram
126756,141.0 gram
126757,45.0 pound
126758,45.0 pound
126759,1000.0 gram
126760,1.32 fluid ounce
126761,284.0 gram
126762,12.0 ton
126763,12.0 ton
126764,3.5 ounce
126765,8.0 fluid ounce
126766,6.0 fluid ounce
126767,290.0 pound
126768,5.0 pound
126769,2.0 pound
126770,9.0 ton
126771,350 pound
126772,3.0 gram
126773,115.0 volt
126774,115.0 volt
126775,15.0 ounce
126776,750.0 millilitre
126777,20.0 millilitre
126778,2000.0 pound
126779,10.0 pound
126780,100.0 gram
126781,500.0 watt
126782,2.47 kilogram
126783,12.0 fluid ounce
126784,7.7 kilogram
126785,7.7 kilogram
126786,14.0 fluid ounce
126787,200.0 millilitre
126788,250.0 pound
126789,250.0 pound
126790,3.6 pound
126791,550.0 gram
126792,8.0 gram
126793,1200.0 milligram
126794,15.0 fluid ounce
126795,1.8 fluid ounce
126796,28.0 kilogram
126797,330.0 pound
126798,330.0 pound
126799,450.0 pound
126800,73.0 watt
126801,39.0 pound
126802,32.0 fluid ounce
126803,141.0 gram
126804,70.0 millilitre
126805,50.0 watt
126806,4.8 pound
126807,100.0 gram
126808,1100.0 pound
126809,1141.0 gram
126810,5.0 pound
126811,1.0 fluid ounce
126812,12.0 fluid ounce
126813,12.0 gram
126814,250.0 pound
126815,1.5 volt
126816,5.0 pound
126817,12.0 ounce
126818,15.2 gram
126819,690.0 gram
126820,12.0 fluid ounce
126821,12.0 fluid ounce
126822,0.0 gram
126823,19.0 gram
126824,2.35 pound
126825,89.0 gram
126826,32.0 gram
126827,25.0 gram
126828,21.0 kilogram
126829,0.08888888888888 inch
126830,10.0 pound
126831,256.0 gram
126832,300.0 pound
126833,5.0 pound
126834,1.2 volt
126835,180.0 gram
126836,16.0 fluid ounce
126837,750.0 watt
126838,750.0 gram
126839,8.0 pound
126840,8.0 pound
126841,51.8 volt
126842,800.0 watt
126843,10.0 gram
126844,1.0 gram
126845,256.0 gram
126846,28.0 gram
126847,750.0 watt
126848,750.0 gram
126849,16.0 gram
126850,1000.0 pound
126851,30.0 gram
126852,30.0 watt
126853,450.0 watt
126854,80.0 gram
126855,5.0 millilitre
126856,5.0 volt
126857,121.0 pound
126858,1.0 fluid ounce
126859,69.0 ton
126860,907.0 gram
126861,24.0 fluid ounce
126862,4.0 gram
126863,6.0 pound
126864,21.0 pound
126865,21.0 pound
126866,750 pound
126867,3.0 gram
126868,32.0 gram
126869,100.0 ton
126870,100.0 gram
126871,12.0 ton
126872,20.0 gram
126873,20.0 pound
126874,12.5 fluid ounce
126875,300.0 pound
126876,300.0 pound
126877,39.0 gram
126878,180.0 gram
126879,900.0 pound
126880,120.0 gram
126881,1300.0 watt
126882,1300.0 gram
126883,100.0 gram
126884,650.0 watt
126885,10230.0 gram
126886,530.0 pound
126887,530.0 pound
126888,400.0 gram
126889,12.0 pound
126890,25.0 gram
126891,16.0 ounce
126892,2.81 pound
126893,250.0 pound
126894,24.0 ton
126895,0.66 pound
126896,100.0 pound
126897,220.0 pound
126898,1.0 gram
126899,10.0 gram
126900,550.0 pound
126901,987.0 milligram
126902,8.0 gram
126903,750.0 millilitre
126904,37.5 pound
126905,225.0 gram
126906,225.0 watt
126907,4.0 gram
126908,4.0 kilowatt
126909,15.0 fluid ounce
126910,1.5 gram
126911,12.0 fluid ounce
126912,16.0 fluid ounce
126913,80.0 pound
126914,10.0 kilogram
126915,1.0 pound
126916,750.0 millilitre
126917,14.33 pound
126918,14.33 pound
126919,3.4 pound
126920,3.6 pound
126921,220.0 pound
126922,473.0 millilitre
126923,16.75 pound
126924,16.75 pound
126925,1.0 fluid ounce
126926,106.0 gram
126927,256.0 gram
126928,1500.0 millilitre
126929,58.0 gram
126930,128.0 gram
126931,32.0 gram
126932,100.0 gram
126933,40.0 gram
126934,1.0 watt
126935,150.0 gram
126936,500.0 pound
126937,1.0 gram
126938,250.0 millilitre
126939,330 pound
126940,16.9 fluid ounce
126941,454.0 gram
126942,12.0 fluid ounce
126943,60.0 watt
126944,54.0 gram
126945,20.0 kilogram
126946,16.0 fluid ounce
126947,216.0 gram
126948,12.0 gram
126949,70.0 pound
126950,1.9 pound
126951,2.0 ton
126952,3.0 fluid ounce
126953,12.0 fluid ounce
126954,100.0 horsepower
126955,100.0 gram
126956,750 pound
126957,0.43 cubic inch
126958,3.0 ounce
126959,128.0 gram
126960,180.0 gram
126961,180.0 watt
126962,1.0 fluid ounce
126963,10.0 pound
126964,300.0 watt
126965,300.0 gram
126966,165.0 pound
126967,150.0 pound
126968,350.0 pound
126969,64.0 gram
126970,454.0 gram
126971,237.0 millilitre
126972,11.5 fluid ounce
126973,350.0 pound
126974,128.0 gram
126975,12.0 fluid ounce
126976,20.0 kilogram
126977,585.0 gram
126978,120.0 watt
126979,150.0 gram
126980,750.0 millilitre
126981,750.0 pound
126982,500.0 gram
126983,12.0 ton
126984,12.0 ton
126985,128.0 gram
126986,226.0 gram
126987,946.0 millilitre
126988,17.0 fluid ounce
126989,340.0 gram
126990,1.5 volt
126991,"[210.0, 240.0] volt"
126992,1.0 gram
126993,100.0 gram
126994,99.0 litre
126995,3025.0 gram
126996,1.0 gram
126997,95.0 gram
126998,7.7 pound
126999,4.0 volt
127000,300.0 pound
127001,244.0 gram
127002,2.4 pound
127003,2.4 pound
127004,250.0 millilitre
127005,1.35 volt
127006,385.0 millilitre
127007,2.7 kilogram
127008,30.0 litre
127009,330.0 pound
127010,38.5 ounce
127011,602.0 pound
127012,100.0 watt
127013,1000.0 gram
127014,260.0 pound
127015,25.4 pound
127016,128.0 gram
127017,7.3 pound
127018,4.0 gram
127019,80.0 pound
127020,30.0 millilitre
127021,312.0 gram
127022,1.8 volt
127023,650.0 watt
127024,650.0 gram
127025,1.35 volt
127026,11.5 fluid ounce
127027,146.0 fluid ounce
127028,11.35 volt
127029,50.0 horsepower
127030,337.0 gram
127031,2.0 fluid ounce
127032,750.0 gram
127033,750.0 watt
127034,4.0 volt
127035,3.7 pound
127036,8.8 ounce
127037,100.0 gram
127038,"[260.0, 240.0] volt"
127039,3.0 gram
127040,32.0 gram
127041,20.0 pound
127042,10.0 pound
127043,100.0 pound
127044,1.8 volt
127045,500 pound
127046,5.0 volt
127047,500.0 horsepower
127048,60.0 pound
127049,60.0 pound
127050,32.0 fluid ounce
127051,283.0 gram
127052,100.0 pound
127053,16.2 ounce
127054,2.0 ton
127055,3.0 kilogram
127056,40.0 pound
127057,850 pound
127058,85 pound
127059,9.0 gram
127060,33.8 ounce
127061,16.6 pound
127062,16.6 pound
127063,7.0 watt
127064,12.0 volt
127065,216.0 gram
127066,3.0 gram
127067,11.4 volt
127068,100.0 gram
127069,165.0 pound
127070,14.5 pound
127071,1.2 volt
127072,50.0 gram
127073,7.2 gram
127074,100.0 ton
127075,100.0 ton
127076,140 gram
127077,2000.0 gram
127078,2000.0 watt
127079,7.0 fluid ounce
127080,660.0 gram
127081,5.0 pound
127082,5.0 pound
127083,8.0 gram
127084,300.0 gram
127085,16.0 gram
127086,93.92 pound
127087,5.0 volt
127088,5.0 watt
127089,5.0 pound
127090,22.0 milligram
127091,6.0 kilogram
127092,4760.0 gram
127093,2.0 watt
127094,3.4 fluid ounce
127095,60.0 gram
127096,250.0 pound
127097,250.0 pound
127098,500.0 gram
127099,60.0 gram
127100,8.0 ounce
127101,128.0 gram
127102,160.0 gram
127103,39.9 kilogram
127104,39.9 kilogram
127105,1.0 gram
127106,355.0 millilitre
127107,42.0 gram
127108,20.0 gram
127109,155.0 millilitre
127110,240.0 gram
127111,120.0 watt
127112,5.0 volt
127113,2.5 pound
127114,"[200.0, 240.0] volt"
127115,2.0 ton
127116,22.0 millilitre
127117,32.0 fluid ounce
127118,6 kilogram
127119,6.0 kilogram
127120,1.2 volt
127121,1000.0 gram
127122,100.0 gram
127123,12.0 fluid ounce
127124,1.0 gram
127125,100.0 gram
127126,1000.0 pound
127127,6313.0 gram
127128,1.2 volt
127129,2.0 gram
127130,1.0 volt
127131,1.0 ton
127132,800.0 pound
127133,3.68 pound
127134,1800.0 gram
127135,15.0 millilitre
127136,652.0 gram
127137,250 pound
127138,250.0 pound
127139,3.0 milliwatt
127140,500.0 millilitre
127141,0.0 gram
127142,2.7 inch
127143,290.0 pound
127144,290.0 pound
127145,5.0 gram
127146,355.0 millilitre
127147,6.0 fluid ounce
127148,100.0 gram
127149,27.8 gram
127150,100.0 gram
127151,1.2 volt
127152,24.0 gram
127153,13.5 fluid ounce
127154,100.0 watt
127155,100.0 volt
127156,25.0 gram
127157,12.0 volt
127158,0.6 pound
127159,300 pound
127160,10.0 fluid ounce
127161,120.0 gram
127162,60.0 pound
127163,100 gram
127164,1050.0 watt
127165,5.0 gram
127166,20.0 ton
127167,20.0 gram
127168,16.9 fluid ounce
127169,9.0 gram
127170,2.0 ton
127171,256.0 gram
127172,300.0 pound
127173,300.0 pound
127174,19.0 pound
127175,500.0 gram
127176,500.0 horsepower
127177,4.0 gram
127178,11.5 fluid ounce
127179,750.0 gram
127180,6000.0 gram
127181,241.0 volt
127182,2000.0 horsepower
127183,216.0 gram
127184,2.0 ton
127185,4.0 gram
127186,300 pound
127187,5.0 gram
127188,5.6 gram
127189,80.0 pound
127190,1.5 ton
127191,240.0 fluid ounce
127192,14.0 pound
127193,3.0 gram
127194,14.0 ounce
127195,5.0 pound
127196,1.32 pound
127197,1.32 pound
127198,23.0 pound
127199,3.0 cubic inch
127200,100.0 gram
127201,1.0 gram
127202,88.0 pound
127203,88.0 pound
127204,"[3.0, 1.0] litre"
127205,0.23 pound
127206,16.0 ounce
127207,11.0 gram
127208,12.0 fluid ounce
127209,1.0 gram
127210,32.0 gram
127211,3.14 gram
127212,9.0 gram
127213,11.0 pound
127214,"[300.0, 5000.0] ton"
127215,450.0 pound
127216,60295.0 gram
127217,30.0 pound
127218,14.0 gram
127219,"[288.0, 288.0] volt"
127220,1.5 volt
127221,10.0 kilogram
127222,2.0 fluid ounce
127223,276.0 pound
127224,500.0 millilitre
127225,750.0 pound
127226,750.0 pound
127227,500.0 millilitre
127228,20.0 watt
127229,20.0 gram
127230,16.0 gram
127231,14.0 pound
127232,4.7 gram
127233,25.4 fluid ounce
127234,6.5 fluid ounce
127235,560.0 gram
127236,40.0 pound
127237,5.2 pound
127238,2.0 pound
127239,2.0 pound
127240,330.0 pound
127241,330.0 pound
127242,10.0 gram
127243,0.5 watt
127244,237.0 millilitre
127245,1000.0 gram
127246,385.0 millilitre
127247,750.0 millilitre
127248,88.0 pound
127249,88.0 pound
127250,101.4 fluid ounce
127251,100.0 watt
127252,5.0 gram
127253,120.0 kilogram
127254,120 kilogram
127255,550.0 pound
127256,550.0 pound
127257,30.0 fluid ounce
127258,671.0 pound
127259,6.0 inch
127260,80.0 pound
127261,100.0 gram
127262,15.0 watt
127263,15.0 gram
127264,12.0 gram
127265,30.0 millilitre
127266,1.0 ton
127267,109.0 millilitre
127268,500.0 gram
127269,66.0 pound
127270,1.5 volt
127271,800.0 gram
127272,2000.0 ton
127273,21.0 watt
127274,115.0 volt
127275,0.9 pound
127276,200.0 pound
127277,5.0 pound
127278,473.0 millilitre
127279,50.0 gram
127280,2.22 pound
127281,15.0 pound
127282,342.0 gram
127283,1.0 gram
127284,151.0 pound
127285,19.6 pound
127286,5.0 watt
127287,88.0 gram
127288,16.0 fluid ounce
127289,150.0 pound
127290,700.0 pound
127291,700.0 pound
127292,100.0 gram
127293,1.0 kilogram
127294,56.0 gram
127295,271.0 kilogram
127296,9.0 ton
127297,128.0 gram
127298,5.21 gram
127299,250.0 gram
127300,19.0 inch
127301,280.0 gram
127302,12.0 fluid ounce
127303,230.0 volt
127304,230.0 watt
127305,800.0 watt
127306,800.0 gram
127307,660.0 gram
127308,12.0 fluid ounce
127309,10.8 pound
127310,435.0 gram
127311,16.9 fluid ounce
127312,1000.0 pound
127313,13.0 pound
127314,500 pound
127315,500.0 pound
127316,18.5 pound
127317,32.0 fluid ounce
127318,11.5 volt
127319,12.9 ounce
127320,1.4 ounce
127321,33.0 gram
127322,8.0 fluid ounce
127323,4.8 pound
127324,500.0 pound
127325,8.0 fluid ounce
127326,2.0 fluid ounce
127327,1.2 volt
127328,6000.0 pound
127329,24.0 pound
127330,10.0 pound
127331,10.0 pound
127332,24.0 fluid ounce
127333,400 pound
127334,220.0 pound
127335,220.0 pound
127336,32.0 fluid ounce
127337,1.32 litre
127338,16.0 fluid ounce
127339,1.0 kilogram
127340,9.1 pound
127341,750.0 millilitre
127342,64.0 gram
127343,220.0 pound
127344,355.0 millilitre
127345,68 kilogram
127346,1.1 volt
127347,120.0 pound
127348,0.57 pound
127349,264.0 pound
127350,2.0 pound
127351,4400.0 pound
127352,14.0 watt
127353,21.0 fluid ounce
127354,225.0 gram
127355,64.0 gram
127356,1.8 volt
127357,0.20 fluid ounce
127358,8.0 fluid ounce
127359,38.0 fluid ounce
127360,2.0 pound
127361,10.0 gram
127362,1.2 volt
127363,720.0 gram
127364,4.4 pound
127365,0.25 kilogram
127366,119.0 pound
127367,6.0 pound
127368,2.0 pound
127369,15.0 pound
127370,49.2 pound
127371,13.0 fluid ounce
127372,142.0 gram
127373,300.0 pound
127374,400 pound
127375,12.0 fluid ounce
127376,500.0 pound
127377,500.0 pound
127378,6.0 fluid ounce
127379,1.0 fluid ounce
127380,12.0 fluid ounce
127381,1.2 fluid ounce
127382,91.0 pound
127383,200 pound
127384,864.0 gram
127385,120.0 ton
127386,1200.0 pound
127387,3600.0 gram
127388,6.76 fluid ounce
127389,160.0 pound
127390,12.0 gram
127391,250.0 millilitre
127392,1.2 volt
127393,10.0 fluid ounce
127394,3.6 ounce
127395,1600.0 gram
127396,1600.0 watt
127397,4.0 ton
127398,100.0 pound
127399,10.1 gram
127400,287.0 pound
127401,287.0 pound
127402,436.0 gram
127403,1800.0 watt
127404,1800.0 gram
127405,7.93 pound
127406,1.0 gram
127407,11.0 fluid ounce
127408,300.0 pound
127409,9.6 gram
127410,2000.0 gram
127411,58.0 watt
127412,49.0 volt
127413,12.8 volt
127414,1.44 kilogram
127415,1.44 kilogram
127416,8.1 ounce
127417,1000.0 gram
127418,88.0 pound
127419,88.0 pound
127420,1.0 pound
127421,120.0 gram
127422,100.0 gram
127423,80.0 gram
127424,500.0 pound
127425,113.0 gram
127426,984.0 gram
127427,20.0 watt
127428,12.0 fluid ounce
127429,5.7 gram
127430,8.0 fluid ounce
127431,80.0 pound
127432,16.0 fluid ounce
127433,600.0 gram
127434,500.0 gram
127435,500.0 watt
127436,1000.0 ton
127437,202.0 gram
127438,50.0 gram
127439,16.9 fluid ounce
127440,1.5 volt
127441,1200.0 gram
127442,250.0 millilitre
127443,0.3 foot
127444,0.3 ton
127445,800.0 pound
127446,10.0 fluid ounce
127447,1.1 pound
127448,2.0 kilogram
127449,0.0 watt
127450,12.0 gram
127451,1.0 pound
127452,3.4 fluid ounce
127453,21.5 pound
127454,28.0 gram
127455,1.5 millilitre
127456,299.0 gram
127457,2.0 watt
127458,10.0 gram
127459,250.0 watt
127460,230.0 volt
127461,1800.0 gram
127462,17.6 pound
127463,748.0 gram
127464,32.0 fluid ounce
127465,16.9 ounce
127466,101.4 fluid ounce
127467,13.0 gram
127468,18.0 gram
127469,3.85 fluid ounce
127470,36.5 gram
127471,6.0 gram
127472,50.0 gram
127473,"[310.0, 6.0] pound"
127474,8.0 fluid ounce
127475,18.0 fluid ounce
127476,16.0 fluid ounce
127477,32.0 fluid ounce
127478,212.0 gram
127479,355.0 millilitre
127480,18.0 kilogram
127481,355.0 millilitre
127482,750.0 pound
127483,750.0 pound
127484,90.0 gram
127485,100.0 gram
127486,25.4 pound
127487,"[5.0, 7.0] fluid ounce"
127488,220.0 pound
127489,220.0 pound
127490,1.2 volt
127491,22.0 milligram
127492,0.5 gallon
127493,5.0 gram
127494,360.0 gram
127495,300.0 pound
127496,450.0 gram
127497,100.0 pound
127498,150.0 kilogram
127499,50.0 gram
127500,50.0 pound
127501,50.0 pound
127502,51.8 pound
127503,14.0 kilogram
127504,485 pound
127505,485.0 pound
127506,0.0 gram
127507,100.0 gram
127508,80.0 pound
127509,4.0 ton
127510,4.0 ton
127511,11.5 volt
127512,4.0 ounce
127513,12.0 ton
127514,0.075 gram
127515,0.075 watt
127516,32.0 gram
127517,6.0 pound
127518,348.0 pound
127519,1.59 pound
127520,1500.0 watt
127521,17.0 volt
127522,600.0 gram
127523,290.0 pound
127524,290.0 pound
127525,0.6 ounce
127526,5.0 volt
127527,200.0 gram
127528,150.0 millilitre
127529,330.0 millilitre
127530,6.0 gram
127531,10.0 fluid ounce
127532,100.0 gram
127533,500.0 gram
127534,4.0 kilogram
127535,2.0 ton
127536,2.0 watt
127537,3.0 fluid ounce
127538,16.0 fluid ounce
127539,0.0 gram
127540,2.0 watt
127541,5.5 milligram
127542,120.0 volt
127543,220.0 pound
127544,200 pound
127545,100.0 pound
127546,250.0 gram
127547,250.0 watt
127548,24.8 inch
127549,2.0 pound
127550,10.0 gram
127551,100.0 pound
127552,400.0 pound
127553,800.0 gram
127554,600.0 pound
127555,11.15 fluid ounce
127556,216.0 gram
127557,220.0 pound
127558,300.0 pound
127559,300.0 pound
127560,0.55 pound
127561,100.0 gram
127562,335.0 gram
127563,400.0 gram
127564,16.0 fluid ounce
127565,98.0 pound
127566,99.5 gram
127567,100.0 gram
127568,330.0 gram
127569,2.0 gram
127570,100.0 gram
127571,32.0 fluid ounce
127572,64.0 gram
127573,10.0 pound
127574,1.0 litre
127575,100.0 millilitre
127576,130.0 horsepower
127577,100.0 ton
127578,5.0 fluid ounce
127579,27.9 gram
127580,5.0 pound
127581,4.0 pound
127582,400.0 gram
127583,128.0 gram
127584,48.0 gram
127585,240.0 volt
127586,5.0 pound
127587,5.0 pound
127588,400.0 pound
127589,0.55 pound
127590,15.0 pound
127591,10.0 pound
127592,8.0 ounce
127593,4.0 gram
127594,4.0 gram
127595,11.5 fluid ounce
127596,200.0 gram
127597,500.0 pound
127598,300 pound
127599,300.0 pound
127600,250.0 millilitre
127601,290.0 gram
127602,400.0 pound
127603,10.0 ounce
127604,50.0 gram
127605,200.0 gram
127606,1.2 volt
127607,1000.0 gram
127608,45.0 gram
127609,700.0 gram
127610,110.0 pound
127611,110.0 pound
127612,24.0 fluid ounce
127613,900.0 pound
127614,0.75 pound
127615,32.0 fluid ounce
127616,250.0 pound
127617,250.0 pound
127618,750.0 pound
127619,227.0 gram
127620,5.0 milligram
127621,300.0 pound
127622,10.0 gram
127623,100.0 gram
127624,512.0 gram
127625,12.0 fluid ounce
127626,36 gram
127627,12.0 volt
127628,5.0 pound
127629,16.0 gram
127630,200.0 gram
127631,20.0 gram
127632,20.0 watt
127633,8.0 fluid ounce
127634,135.0 kilogram
127635,135.0 kilogram
127636,1500.0 pound
127637,13.0 kilogram
127638,800.0 milligram
127639,5.0 gram
127640,64.0 gram
127641,250.0 millilitre
127642,250.0 gram
127643,32.0 fluid ounce
127644,2.2 pound
127645,1000.0 millilitre
127646,8.0 fluid ounce
127647,12.0 fluid ounce
127648,10 kilogram
127649,750.0 gram
127650,750.0 watt
127651,450.0 pound
127652,30.0 gram
127653,"[30.0, 35.0] watt"
127654,1.0 ounce
127655,500.0 pound
127656,10.0 gram
127657,1.64 litre
127658,6.0 fluid ounce
127659,165.0 pound
127660,64.0 gram
127661,35.0 watt
127662,35.0 gram
127663,13.0 pound
127664,350.0 pound
127665,240.0 gram
127666,3.9 pound
127667,45.0 pound
127668,48.5 gram
127669,"[1.0, 2.0] fluid ounce"
127670,100.0 gram
127671,100.0 gram
127672,0.0 gram
127673,28.0 litre
127674,1.6 fluid ounce
127675,1.3 kilogram
127676,2800.0 milligram
127677,140.0 gram
127678,45.0 gram
127679,150.0 pound
127680,3.2 pound
127681,0.0 ounce
127682,14.0 pound
127683,3.8 pound
127684,99.0 pound
127685,1.2 volt
127686,12.0 fluid ounce
127687,1.0 gram
127688,100.0 gram
127689,32.0 fluid ounce
127690,10.4 kilogram
127691,4.4 pound
127692,250.0 horsepower
127693,250.0 gram
127694,24 gram
127695,20.0 gram
127696,5.0 pound
127697,2.0 watt
127698,32.0 gram
127699,12.0 fluid ounce
127700,1.0 gram
127701,80.0 gram
127702,24570.0 gram
127703,10.0 gram
127704,20.0 millilitre
127705,3.0 pound
127706,1.4 ounce
127707,1.0 fluid ounce
127708,35.0 milligram
127709,1.0 fluid ounce
127710,155.0 gram
127711,1102.0 gram
127712,6.75 fluid ounce
127713,355.0 millilitre
127714,4.0 volt
127715,240.0 gram
127716,4.5 watt
127717,11.35 volt
127718,3.4 kilogram
127719,3.4 kilogram
127720,35.0 pound
127721,170.1 gram
127722,2500.0 gram
127723,5.0 volt
127724,650.0 gram
127725,5.0 millilitre
127726,100.0 gram
127727,10.0 gram
127728,421.0 gram
127729,10.0 gram
127730,19.0 gram
127731,64.0 gram
127732,512.0 gram
127733,32.0 fluid ounce
127734,700.0 gram
127735,700.0 watt
127736,9.0 gram
127737,1.2 volt
127738,162.0 fluid ounce
127739,52.0 gram
127740,250.0 millilitre
127741,1200.0 pound
127742,440.0 pound
127743,440.0 pound
127744,62.0 gram
127745,12.0 ton
127746,4.0 fluid ounce
127747,11.5 volt
127748,240.0 gram
127749,355.0 fluid ounce
127750,1.0 gram
127751,0.43 litre
127752,100.0 gram
127753,0.0 gram
127754,6600.0 pound
127755,100.0 gram
127756,4.0 pound
127757,0.0 gram
127758,1800.0 gram
127759,1800.0 watt
127760,200.0 gram
127761,44.1 pound
127762,2.0 watt
127763,0.84 fluid ounce
127764,1.0 watt
127765,120.0 gram
127766,34.0 fluid ounce
127767,100.0 gram
127768,12.0 fluid ounce
127769,92.0 pound
127770,800.0 pound
127771,420.0 gram
127772,8.5 inch
127773,12.0 volt
127774,12.0 watt
127775,500.0 gram
127776,12.0 volt
127777,142.0 gram
127778,12.0 fluid ounce
127779,250.0 pound
127780,6.0 fluid ounce
127781,12.0 fluid ounce
127782,5.0 gram
127783,"[110.0, 240.0] watt"
127784,1.0 gram
127785,5.0 volt
127786,300.0 pound
127787,8.0 gram
127788,1107.0 volt
127789,2.0 pound
127790,180.0 gram
127791,1000.0 gram
127792,35.0 pound
127793,750 pound
127794,16.0 pound
127795,16.0 pound
127796,16.0 fluid ounce
127797,32.0 fluid ounce
127798,265.0 pound
127799,25.0 pound
127800,0.0 gram
127801,28.0 gram
127802,35.0 pound
127803,35.0 pound
127804,400.0 pound
127805,400.0 pound
127806,16.0 fluid ounce
127807,14.0 ounce
127808,116.0 pound
127809,116.0 pound
127810,26.0 gram
127811,10.0 millilitre
127812,6.0 gram
127813,900.0 pound
127814,12.0 ton
127815,12.0 ton
127816,4.0 gram
127817,"[30.0, 70.0] pound"
127818,1.0 ounce
127819,18.0 pound
127820,10.0 gram
127821,300.0 pound
127822,39.25 pound
127823,414.0 millilitre
127824,40.0 gram
127825,545.0 milligram
127826,20.0 pound
127827,350.0 pound
127828,350.0 pound
127829,750.0 millilitre
127830,30.0 millilitre
127831,2.0 pound
127832,2.0 volt
127833,206.0 gram
127834,"[30.0, 70.0] pound"
127835,20.0 foot
127836,9.0 ton
127837,220.0 pound
127838,1.0 fluid ounce
127839,12.1 pound
127840,4.0 pound
127841,7.5 pound
127842,5.12 ounce
127843,7.7 millilitre
127844,1.0 litre
127845,7.4 fluid ounce
127846,16.0 ton
127847,16.0 ton
127848,1.44 gram
127849,1.0 watt
127850,16.0 fluid ounce
127851,5.0 gram
127852,4.8 pound
127853,2000.0 pound
127854,128.0 gram
127855,0.0 gram
127856,1.0 kilogram
127857,750.0 millilitre
127858,14.0 gram
127859,20.0 pound
127860,20.0 pound
127861,0.3 ounce
127862,"[50.0, 75.0] pound"
127863,9.8 pound
127864,100.0 gram
127865,100.0 gram
127866,850.0 gram
127867,850.0 watt
127868,650.0 watt
127869,650.0 gram
127870,2000.0 horsepower
127871,241.0 millivolt
127872,250.0 pound
127873,10.0 millilitre
127874,14.0 fluid ounce
127875,3.4 pound
127876,5.0 ton
127877,1000.0 pound
127878,250 pound
127879,250.0 pound
127880,330.0 pound
127881,880.0 pound
127882,1000.0 gram
127883,50.0 pound
127884,330.0 millilitre
127885,350.0 pound
127886,12.0 pound
127887,1.0 fluid ounce
127888,18.0 pound
127889,18.0 pound
127890,1.0 fluid ounce
127891,4.5 ounce
127892,12.0 fluid ounce
127893,8.0 gram
127894,0.16 ounce
127895,842.0 gram
127896,300.0 gram
127897,379.0 gram
127898,70.1 gram
127899,11.2 fluid ounce
127900,3.0 pound
127901,12.0 fluid ounce
127902,2.0 watt
127903,2000.0 gram
127904,10.0 pound
127905,20.0 millilitre
127906,8.5 pound
127907,100.0 gram
127908,11.5 fluid ounce
127909,100.0 gram
127910,300.0 pound
127911,1100.0 pound
127912,12.0 fluid ounce
127913,3.0 litre
127914,6.3 gram
127915,4.0 pound
127916,1.2 volt
127917,1.0 gram
127918,16.0 ton
127919,256.0 gram
127920,0.0 gram
127921,2.0 ton
127922,2.0 ton
127923,1.0 gram
127924,91.0 gram
127925,1.5 volt
127926,480.0 gram
127927,36.0 fluid ounce
127928,400.0 pound
127929,5.0 fluid ounce
127930,20.0 fluid ounce
127931,165 pound
127932,12.0 fluid ounce
127933,72.0 pound
127934,72.0 pound
127935,1.5 volt
127936,20.0 gram
127937,20.0 gram
127938,300.0 millilitre
127939,237.0 millilitre
127940,1.0 litre
127941,1630.0 gram
127942,6.76 fluid ounce
127943,365.0 gram
127944,120.0 ton
127945,"[30.0, 60.0] pound"
127946,1.0 fluid ounce
127947,15.0 fluid ounce
127948,6.0 gram
127949,300.0 pound
127950,300.0 pound
127951,2.0 gram
127952,1.5 volt
127953,60.0 watt
127954,60.0 gram
127955,1.0 volt
127956,717.0 gram
127957,"[3.0, 7.0] ton"
127958,750.0 gram
127959,750.0 watt
127960,1.2 volt
127961,1000.0 pound
127962,7.0 kilogram
127963,3.0 gram
127964,30.0 gram
127965,18.0 watt
127966,1.0 fluid ounce
127967,1.0 gram
127968,5.85 pound
127969,80.0 pound
127970,250.0 pound
127971,250 pound
127972,50.0 watt
127973,220.0 gram
127974,1.0 litre
127975,677.6 pound
127976,1.2 volt
127977,10.9 pound
127978,10.9 pound
127979,38.5 litre
127980,3353.0 pound
127981,50.0 pound
127982,50.0 pound
127983,50.0 pound
127984,170.0 gram
127985,103.0 gram
127986,500.0 watt
127987,2.0 pound
127988,5.2 pound
127989,240.0 gram
127990,300 pound
127991,205.0 gram
127992,2.2 pound
127993,2.2 pound
127994,1.0 fluid ounce
127995,2.0 gram
127996,15.0 pound
127997,570.0 pound
127998,16000.0 pound
127999,300.0 pound
128000,7.68 kilogram
128001,7.68 kilowatt
128002,12.0 fluid ounce
128003,2.0 fluid ounce
128004,180.0 gram
128005,4000.0 gram
128006,1000.0 gram
128007,1.69 inch
128008,440.0 pound
128009,45 pound
128010,720.0 gram
128011,100.0 gram
128012,800 gram
128013,64.0 gram
128014,500 pound
128015,500.0 pound
128016,0.6 pound
128017,1.0 gram
128018,1500.0 pound
128019,100.0 watt
128020,5.0 gram
128021,2.5 pound
128022,2.7 gram
128023,124.0 pound
128024,59.0 millilitre
128025,1200.0 volt
128026,1200.0 horsepower
128027,36710470.0 gram
128028,50.0 gram
128029,100.0 millilitre
128030,7.7 pound
128031,300.0 pound
128032,256.0 pound
128033,180.0 pound
128034,155.0 pound
128035,56.3 pound
128036,350.0 watt
128037,350.0 volt
128038,1.5 pound
128039,1.0 gram
128040,200.0 gram
128041,60.0 gram
128042,32.0 fluid ounce
128043,2.0 ton
128044,237.0 millilitre
128045,16.9 fluid ounce
128046,12.0 fluid ounce
128047,26.0 kilogram
128048,16.9 fluid ounce
128049,3.4 fluid ounce
128050,8.0 fluid ounce
128051,100.0 gram
128052,15.0 millilitre
128053,16.9 fluid ounce
128054,300.0 pound
128055,300 pound
128056,10.63 gram
128057,113.0 gram
128058,1.3 pound
128059,1.3 pound
128060,128.0 fluid ounce
128061,260.0 gram
128062,355.0 millilitre
128063,70.0 gram
128064,1.2 volt
128065,16.0 fluid ounce
128066,400.0 gram
128067,100.0 gram
128068,128.0 pound
128069,6.0 fluid ounce
128070,120.0 gram
128071,1.0 gram
128072,1.0 gram
128073,0.56 gram
128074,12.0 volt
128075,0.6 pound
128076,10.0 gram
128077,300.0 pound
128078,"[5300.0, 540.0] volt"
128079,1.0 fluid ounce
128080,11.0 gram
128081,500.0 pound
128082,5.0 pound
128083,15.4 pound
128084,1.0 fluid ounce
128085,4.0 kilogram
128086,8.0 fluid ounce
128087,150.0 gram
128088,2860.0 horsepower
128089,4.0 gram
128090,355.0 millilitre
128091,440.0 pound
128092,2.0 ton
128093,11.2 fluid ounce
128094,85 gram
128095,12.0 fluid ounce
128096,1.0 gram
128097,237.0 millilitre
128098,12.0 fluid ounce
128099,"[5.0, 8.0] pound"
128100,"[5.0, 8.0] ton"
128101,120.0 volt
128102,600.0 watt
128103,100 kilogram
128104,100.0 kilogram
128105,100.0 gram
128106,30.0 millilitre
128107,450.0 watt
128108,120.0 volt
128109,30.0 gram
128110,32.0 gram
128111,"[8.0, 33.0] pound"
128112,65.0 pound
128113,1.5 volt
128114,212.0 gram
128115,16.0 gram
128116,100.0 gram
128117,100.0 gram
128118,355.0 millilitre
128119,0.0 gram
128120,6.0 fluid ounce
128121,1.8 volt
128122,6.0 gram
128123,550.0 watt
128124,550.0 gram
128125,121.0 pound
128126,5.0 watt
128127,65.0 pound
128128,6.26 inch
128129,12.0 ton
128130,2.0 fluid ounce
128131,300.0 pound
128132,20.0 gram
128133,16.0 fluid ounce
128134,0.3 microgram
128135,10.0 pound
128136,10.0 pound
128137,240.0 gram
128138,14.8 pound
128139,32.0 gram
128140,226.0 gram
128141,500 pound
128142,500.0 pound
128143,3.26 pound
128144,30.0 pound
128145,6.9 fluid ounce
128146,128.0 gram
128147,1000.0 pound
128148,30.0 pound
128149,30.0 pound
128150,800 gram
128151,12.0 fluid ounce
128152,11.5 fluid ounce
128153,6.7 ounce
128154,298.0 gram
128155,10.0 litre
128156,237.0 millilitre
128157,6.0 pound
128158,500 pound
128159,16.0 fluid ounce
128160,1.82 pound
128161,800.0 pound
128162,10.0 pound
128163,56.0 gram
128164,1.0 gram
128165,1.0 watt
128166,100.0 watt
128167,0.5 fluid ounce
128168,650.0 gram
128169,40.0 pound
128170,40.0 pound
128171,11.0 fluid ounce
128172,7.6 ounce
128173,750.0 millilitre
128174,32.0 gram
128175,10.8 pound
128176,17.0 watt
128177,"[110.0, 240.0] volt"
128178,50.0 pound
128179,300.0 pound
128180,12.0 fluid ounce
128181,3.38 fluid ounce
128182,4.0 pound
128183,22.0 pound
128184,2.31 pound
128185,1.5 volt
128186,100.0 gram
128187,9.2 ounce
128188,12.0 pound
128189,0.5 fluid ounce
128190,44.1 pound
128191,75.0 pound
128192,150.0 fluid ounce
128193,4.5 pound
128194,750.0 gram
128195,750.0 watt
128196,60.0 pound
128197,0.0 gram
128198,5.0 volt
128199,21.0 volt
128200,375.0 pound
128201,375.0 pound
128202,127.0 kilogram
128203,165.0 pound
128204,2.0 gram
128205,25.0 gram
128206,1653.0 pound
128207,5.0 pound
128208,10 kilogram
128209,2.5 litre
128210,1.0 gram
128211,600.0 pound
128212,600.0 pound
128213,10.1 pound
128214,49.0 gram
128215,4.2 kilogram
128216,500 pound
128217,1.0 ton
128218,1.0 gram
128219,340.0 gram
128220,5000.0 pound
128221,157.0 gram
128222,1080.0 gram
128223,1.0 gram
128224,1.0 gram
128225,24 gram
128226,600.0 watt
128227,600.0 gram
128228,11.0 fluid ounce
128229,1.0 gram
128230,1.0 gram
128231,6.0 gram
128232,2.0 pound
128233,340.0 gram
128234,335.0 watt
128235,120.0 volt
128236,90.0 kilogram
128237,90 kilogram
128238,7.76 ounce
128239,6.0 ton
128240,500.0 gram
128241,450 pound
128242,6.32 fluid ounce
128243,12.0 fluid ounce
128244,146.0 fluid ounce
128245,3.5 pound
128246,31.0 gram
128247,17.2 pound
128248,10.0 foot
128249,12.0 volt
128250,9.0 pound
128251,9.0 pound
128252,16.0 fluid ounce
128253,250.0 gram
128254,400.0 pound
128255,12.0 fluid ounce
128256,6.8 fluid ounce
128257,100.0 gram
128258,30.0 milligram
128259,2.8 pound
128260,5.0 pound
128261,1.5 volt
128262,250.0 gram
128263,250.0 horsepower
128264,5.0 gram
128265,5.0 gram
128266,10.0 ounce
128267,500.0 pound
128268,2.5 fluid ounce
128269,450.0 watt
128270,450.0 gram
128271,17.0 fluid ounce
128272,17.0 fluid ounce
128273,100.0 pound
128274,1.9 pound
128275,21.0 gram
128276,750.0 millilitre
128277,500.0 pound
128278,2.0 watt
128279,9.0 gram
128280,37.0 gram
128281,575.0 pound
128282,340.0 gram
128283,0.51 fluid ounce
128284,20.0 pound
128285,15.0 watt
128286,15.0 gram
128287,355.0 millilitre
128288,750.0 millilitre
128289,12.0 fluid ounce
128290,1.0 fluid ounce
128291,8.0 fluid ounce
128292,110.0 pound
128293,110.0 pound
128294,2.54 pound
128295,20.0 fluid ounce
128296,5.0 volt
128297,1000.0 gram
128298,209.0 gram
128299,209.0 gram
128300,3023.0 gram
128301,12.8 pound
128302,128.0 gram
128303,1.5 pound
128304,2.0 gram
128305,20.0 litre
128306,500.0 millilitre
128307,355.0 millilitre
128308,10.0 gram
128309,140.0 gram
128310,1.8 volt
128311,1.2 volt
128312,16.0 gram
128313,500.0 gram
128314,500.0 watt
128315,2.2 kilogram
128316,1.0 fluid ounce
128317,316.0 watt
128318,3.5 fluid ounce
128319,810.0 gram
128320,5.0 volt
128321,3800.0 horsepower
128322,100.0 watt
128323,1.6 fluid ounce
128324,5.0 volt
128325,500.0 gram
128326,250.0 pound
128327,250.0 pound
128328,3000.0 pound
128329,100.0 gram
128330,100.0 gram
128331,2.0 fluid ounce
128332,4.4 pound
128333,9.0 gram
128334,50.0 pound
128335,65.0 watt
128336,65.0 gram
128337,1.52 fluid ounce
128338,16.9 fluid ounce
128339,100.0 cubic inch
128340,1.5 pound
128341,100 gram
128342,16.0 fluid ounce
128343,50.0 gram
128344,690.0 gram
128345,9.06 gram
128346,680.0 gram
128347,1.5 fluid ounce
128348,100.0 gram
128349,1.0 fluid ounce
128350,300.0 pound
128351,1925.0 millilitre
128352,94.0 volt
128353,475947.0 gram
128354,4.0 gram
128355,100.0 watt
128356,120.0 volt
128357,100.0 gram
128358,1.1 pound
128359,142.0 gram
128360,454.0 gram
128361,237.0 millilitre
128362,1.2 volt
128363,16.9 fluid ounce
128364,20.8 milligram
128365,300.0 pound
128366,460.0 pound
128367,460.0 pound
128368,600.0 gram
128369,907.0 gram
128370,9.6 gram
128371,330.0 fluid ounce
128372,12.0 ton
128373,5055.0 gram
128374,5.0 gram
128375,1.46 pound
128376,335.0 gram
128377,330.0 pound
128378,984.0 pound
128379,450.0 pound
128380,450.0 pound
128381,24 gram
128382,1.2 volt
128383,4.0 fluid ounce
128384,48.0 gram
128385,600.0 pound
128386,2.27 kilogram
128387,330.0 millilitre
128388,15.1 pound
128389,24.0 fluid ounce
128390,2.0 pound
128391,8.0 ton
128392,14.0 ounce
128393,900.0 pound
128394,5.0 gram
128395,6.0 gram
128396,100.0 gram
128397,100.0 gram
128398,176.0 pound
128399,100.0 watt
128400,106 gram
128401,32.0 gram
128402,3.79 litre
128403,20.0 gram
128404,1.5 pound
128405,1.0 gram
128406,11.9 pound
128407,142.0 gram
128408,150.0 pound
128409,32.0 fluid ounce
128410,160.0 gram
128411,0.0 kilogram
128412,8.0 fluid ounce
128413,2.5 fluid ounce
128414,2.05 ounce
128415,500.0 pound
128416,500.0 pound
128417,12.0 fluid ounce
128418,5.4 pound
128419,50.0 pound
128420,60.0 gram
128421,170.0 pound
128422,170.0 pound
128423,32.0 fluid ounce
128424,510.0 gram
128425,233.0 gram
128426,26.0 ton
128427,100.0 gram
128428,120.0 volt
128429,3.0 watt
128430,80.0 pound
128431,5.2 pound
128432,230.0 gram
128433,298.0 gram
128434,7.5 gram
128435,8.0 fluid ounce
128436,320.0 pound
128437,320.0 pound
128438,1268.0 gram
128439,1268.0 gram
128440,50.0 pound
128441,454.0 gram
128442,44.0 inch
128443,44.0 pound
128444,8.0 fluid ounce
128445,300.0 gram
128446,300.0 pound
128447,300.0 pound
128448,160.0 pound
128449,16.4 milligram
128450,4.0 gram
128451,290.0 gram
128452,100.0 gram
128453,850.0 watt
128454,14.0 ounce
128455,300 pound
128456,2.0 pound
128457,628.5 gram
128458,"[8.0, 250.0] millilitre"
128459,2.0 horsepower
128460,100.0 gram
128461,380.0 pound
128462,42.0 milligram
128463,5.25 pound
128464,43.5 pound
128465,12.0 fluid ounce
128466,12.0 fluid ounce
128467,11.2 fluid ounce
128468,1080.0 gram
128469,500 pound
128470,1.35 volt
128471,2.0 gram
128472,2.0 gram
128473,12.0 fluid ounce
128474,15.0 gram
128475,283.0 gram
128476,0.99 ounce
128477,200.0 millilitre
128478,6.0 pound
128479,29.0 pound
128480,276.0 gram
128481,15.0 ton
128482,8.0 ton
128483,8.0 ton
128484,30.0 gram
128485,15.6 pound
128486,14.0 gram
128487,100.0 gram
128488,1600.0 millivolt
128489,656.0 horsepower
128490,656.0 gram
128491,170.1 gram
128492,100.0 gram
128493,49.0 gram
128494,12.0 watt
128495,19.6 pound
128496,128.0 gram
128497,240.0 gram
128498,4.0 fluid ounce
128499,26.0 gram
128500,16.9 fluid ounce
128501,242.0 pound
128502,10.0 ton
128503,10.0 watt
128504,330.0 pound
128505,330.0 pound
128506,3.0 gram
128507,5500.0 gram
128508,56.8 pound
128509,15.0 pound
128510,12.0 fluid ounce
128511,275.0 gram
128512,275.0 watt
128513,8.0 fluid ounce
128514,3.0 gram
128515,8.0 fluid ounce
128516,310.0 gram
128517,74.0 gram
128518,4.0 watt
128519,3.0 gram
128520,3.0 ounce
128521,113.0 gram
128522,165.0 pound
128523,303.0 ton
128524,9.5 gram
128525,1290.0 gram
128526,120.0 volt
128527,600.0 pound
128528,40.0 gram
128529,1.3 pound
128530,0.5 fluid ounce
128531,300.0 gram
128532,64.0 fluid ounce
128533,12.0 gram
128534,60.0 gram
128535,60.0 watt
128536,1080.0 gram
128537,100.0 gram
128538,45.0 pound
128539,1.0 fluid ounce
128540,3.0 pound
128541,6.0 gram
128542,30.0 millilitre
128543,64.0 gram
128544,1.0 gram
128545,225.0 watt
128546,225.0 gram
128547,20.0 ounce
128548,10.0 gram
128549,355.0 millilitre
128550,21.0 watt
128551,120.0 volt
128552,360.0 gram
128553,220.0 pound
128554,5.0 volt
128555,100.0 watt
128556,3.9 pound
128557,1000.0 gram
128558,5.0 ton
128559,9 kilogram
128560,200 pound
128561,32.0 gram
128562,400.0 pound
128563,400.0 pound
128564,101.0 gram
128565,33.0 milligram
128566,400.0 gram
128567,1.0 fluid ounce
128568,8.0 gram
128569,20.5 pound
128570,100.0 gram
128571,20.0 pound
128572,16.9 gram
128573,18.5 ounce
128574,1.5 volt
128575,107.0 gram
128576,28.0 kilogram
128577,20.0 millilitre
128578,186.0 gram
128579,6.0 fluid ounce
128580,200.0 pound
128581,33.0 pound
128582,33.0 pound
128583,275.0 millilitre
128584,322.0 gram
128585,106 gram
128586,25000.0 gram
128587,2.0 watt
128588,1.0 fluid ounce
128589,1.5 pound
128590,30 kilogram
128591,202.0 gram
128592,1350.0 gram
128593,1.4 pound
128594,8.0 fluid ounce
128595,3.0 gram
128596,1.2 volt
128597,3.0 pound
128598,0.18 fluid ounce
128599,18.0 pound
128600,18.0 pound
128601,300.0 pound
128602,300.0 pound
128603,210.0 millilitre
128604,1000.0 pound
128605,23.0 pound
128606,23.0 pound
128607,32.0 ounce
128608,50.0 milligram
128609,3.0 ton
128610,3.0 ton
128611,2.2 pound
128612,10.0 gram
128613,150 kilogram
128614,150.0 kilogram
128615,400.0 kilogram
128616,430.0 pound
128617,12.0 ton
128618,12.0 ton
128619,100.0 gram
128620,320.0 gram
128621,14.0 ounce
128622,8.0 fluid ounce
128623,4.8 pound
128624,400 pound
128625,170.0 pound
128626,140.0 gram
128627,1.2 volt
128628,9 kilogram
128629,4.0 pound
128630,2.4 inch
128631,4760.0 gram
128632,100.0 gram
128633,7.0 watt
128634,7.0 gram
128635,1.0 gram
128636,1.0 gram
128637,500.0 gram
128638,16.0 pound
128639,16.0 pound
128640,4.0 gram
128641,450.0 gram
128642,85.0 gram
128643,18.0 millilitre
128644,1.7 ounce
128645,74.0 pound
128646,12.0 fluid ounce
128647,300.0 millilitre
128648,59.0 gram
128649,32.0 fluid ounce
128650,13.5 fluid ounce
128651,3.752 inch
128652,1000.0 gram
128653,984.0 milligram
128654,1000.0 watt
128655,10.0 millilitre
128656,650.0 gram
128657,100.0 watt
128658,8.3 gram
128659,395.0 millilitre
128660,2.0 pound
128661,"[220.0, 240.0] volt"
128662,6.0 fluid ounce
128663,148.0 gram
128664,300.0 pound
128665,300.0 pound
128666,1000.0 gram
128667,40.0 pound
128668,40.0 pound
128669,650.0 gram
128670,20.0 kilogram
128671,400.0 pound
128672,140.0 pound
128673,32.0 fluid ounce
128674,145.0 gram
128675,8.8 kilogram
128676,8.8 kilogram
128677,290.0 watt
128678,290.0 gram
128679,66.0 gram
128680,8.0 fluid ounce
128681,1.0 fluid ounce
128682,1.0 ton
128683,1.0 ton
128684,16.0 ton
128685,16.0 ton
128686,12.4 ton
128687,12.4 gram
128688,16.9 fluid ounce
128689,1.0 gram
128690,26.0 kilogram
128691,20.0 pound
128692,250.0 gram
128693,20.0 fluid ounce
128694,5.0 volt
128695,150.0 pound
128696,500.0 millilitre
128697,220.0 pound
128698,325.0 fluid ounce
128699,325.0 gram
128700,2.6 ounce
128701,6061.0 gram
128702,1.2 volt
128703,9.6 gram
128704,2.0 litre
128705,300 pound
128706,11.0 gram
128707,440.0 pound
128708,300.0 pound
128709,0.75 fluid ounce
128710,120.0 gram
128711,8.0 fluid ounce
128712,15.8 gram
128713,25.0 pound
128714,500.0 gram
128715,500.0 watt
128716,100.0 gram
128717,100.0 gram
128718,212.6 gram
128719,42.0 milligram
128720,4.0 pound
128721,10.0 gram
128722,12.5 fluid ounce
128723,70.0 watt
128724,199.0 gram
128725,33.8 fluid ounce
128726,1.8 volt
128727,454.0 gram
128728,120.0 volt
128729,200.0 watt
128730,1.0 gram
128731,3.0 milligram
128732,39.0 gram
128733,8.5 fluid ounce
128734,12.0 fluid ounce
128735,600.0 pound
128736,8.0 fluid ounce
128737,140.0 gram
128738,34.0 fluid ounce
128739,15 pound
128740,15.0 pound
128741,250.0 gram
128742,320.0 gram
128743,4.0 gram
128744,5.0 pound
128745,305.0 milliwatt
128746,750.0 millilitre
128747,200.0 pound
128748,15.0 pound
128749,1.5 volt
128750,40.0 pound
128751,5.0 gram
128752,72.8 gram
128753,7.4 fluid ounce
128754,32.0 ton
128755,32.0 ton
128756,10.0 gram
128757,170.0 pound
128758,64.0 gram
128759,0.98 pound
128760,"[105.0, 120.0] pound"
128761,4.0 gram
128762,20.0 kilogram
128763,1.0 pound
128764,243.0 gram
128765,0.24 pound
128766,800.0 gram
128767,21.1 pound
128768,21.1 pound
128769,14.0 fluid ounce
128770,2.0 ton
128771,100.0 gram
128772,19.0 watt
128773,7720.0 gram
128774,80.0 gram
128775,17.637 pound
128776,946.0 millilitre
128777,9.4 pound
128778,20.4 pound
128779,100.0 pound
128780,160.0 gram
128781,500.0 millilitre
128782,40.0 pound
128783,40.0 pound
128784,181.0 gram
128785,1.6 ounce
128786,13.0 pound
128787,13.0 gram
128788,1.0 gram
128789,220.0 pound
128790,220.0 pound
128791,10.0 millilitre
128792,8.35 fluid ounce
128793,13.0 ounce
128794,440.0 pound
128795,440.0 pound
128796,20.0 gram
128797,600.0 pound
128798,600.0 pound
128799,100.0 gram
128800,900.0 gram
128801,256.0 gram
128802,10.0 millilitre
128803,1.0 gallon
128804,4.0 ton
128805,76.0 kilogram
128806,150.0 gram
128807,222.0 pound
128808,222.0 pound
128809,6000.0 pound
128810,1.2 volt
128811,2.0 fluid ounce
128812,1.0 gram
128813,45.0 pound
128814,5.0 watt
128815,15.0 fluid ounce
128816,680 pound
128817,1.15 fluid ounce
128818,255.0 gram
128819,1.0 ounce
128820,1.3 pound
128821,3000.0 pound
128822,1.0 kilogram
128823,150.0 pound
128824,5.0 pound
128825,10 pound
128826,6.0 ton
128827,8.0 fluid ounce
128828,300.0 pound
128829,300.0 pound
128830,80.0 pound
128831,1.0 fluid ounce
128832,8.5 fluid ounce
128833,250.0 millilitre
128834,0.84 pound
128835,260.0 pound
128836,300.0 gram
128837,330.0 pound
128838,330.0 pound
128839,4.0 gram
128840,20.0 kilogram
128841,0.6 pound
128842,64.0 fluid ounce
128843,128.0 gram
128844,12.0 fluid ounce
128845,500.0 gram
128846,500.0 watt
128847,3.0 ton
128848,1000.0 gram
128849,20.0 watt
128850,32.0 gram
128851,39.6 gram
128852,120.0 volt
128853,100.0 watt
128854,600.0 pound
128855,69.0 gram
128856,550.0 gram
128857,550.0 watt
128858,20.0 millilitre
128859,1.2 volt
128860,330.0 pound
128861,330.0 pound
128862,4.0 ton
128863,4.0 ton
128864,2.2 pound
128865,2.2 pound
128866,100.0 pound
128867,100.0 gram
128868,4.0 gram
128869,4.0 watt
128870,46.0 pound
128871,46.0 pound
128872,14.0 ounce
128873,16.0 fluid ounce
128874,100.0 gram
128875,1.0 fluid ounce
128876,5.0 millilitre
128877,2.95 pound
128878,8.0 fluid ounce
128879,1.134 kilogram
128880,100.0 gram
128881,5.0 ton
128882,15.0 gram
128883,12.0 fluid ounce
128884,93.0 gram
128885,7.0 gram
128886,200.0 millilitre
128887,100.0 pound
128888,220.0 volt
128889,200.0 gram
128890,5068.0 gram
128891,85.0 gram
128892,12.0 volt
128893,0.17 watt
128894,175.0 gram
128895,12.0 gram
128896,227.0 gram
128897,12.0 volt
128898,26.0 pound
128899,100.0 pound
128900,8.0 gram
128901,10.0 pound
128902,2.0 ounce
128903,123.0 pound
128904,16.0 gram
128905,9.0 ton
128906,140.0 gram
128907,33.8 fluid ounce
128908,16.0 kilogram
128909,16.0 fluid ounce
128910,3.2 pound
128911,6.0 fluid ounce
128912,56.0 gram
128913,5.0 gram
128914,3.38 pound
128915,260.0 pound
128916,14.0 ton
128917,1.2 volt
128918,32.0 fluid ounce
128919,100.0 gram
128920,450.0 pound
128921,450.0 pound
128922,254.0 fluid ounce
128923,1.5 volt
128924,30.0 pound
128925,30.0 pound
128926,1.5 volt
128927,738.0 millilitre
128928,4.0 pound
128929,1.0 fluid ounce
128930,500.0 gram
128931,2.8 kilogram
128932,200.0 watt
128933,12.0 fluid ounce
128934,4.0 pound
128935,660.0 pound
128936,2.0 pound
128937,7200.0 gram
128938,55.0 pound
128939,8.2 kilogram
128940,4.1 pound
128941,180.0 gram
128942,454 kilogram
128943,97.5 gram
128944,0.75 pound
128945,8.0 fluid ounce
128946,12.0 milligram
128947,0.5 fluid ounce
128948,5.0 volt
128949,85.0 pound
128950,85 pound
128951,12.0 fluid ounce
128952,1066.0 gram
128953,10.0 gram
128954,8.0 gram
128955,454.0 gram
128956,17.5 fluid ounce
128957,160.0 ton
128958,40.0 gram
128959,12.0 gram
128960,4.2 pound
128961,38 kilogram
128962,38.0 kilogram
128963,10.0 gram
128964,176.0 pound
128965,1.0 gram
128966,500.0 gram
128967,1.0 gram
128968,45.0 pound
128969,64.0 fluid ounce
128970,10.0 pound
128971,10.0 pound
128972,70.0 watt
128973,5.0 volt
128974,"[33.0, 38.0] pound"
128975,1.0 fluid ounce
128976,28.0 fluid ounce
128977,100.0 pound
128978,12000.0 ton
128979,26.2 gram
128980,128.0 fluid ounce
128981,12.0 fluid ounce
128982,25.0 pound
128983,25.0 pound
128984,320.0 milligram
128985,0.24 fluid ounce
128986,100.0 gram
128987,5.0 gram
128988,5.0 watt
128989,2200.0 pound
128990,0.99 litre
128991,11.0 fluid ounce
128992,150 gram
128993,8.0 fluid ounce
128994,20.0 gram
128995,204.0 watt
128996,4.0 kilogram
128997,16.0 fluid ounce
128998,984.0 gram
128999,500.0 watt
129000,500.0 gram
129001,2.0 gram
129002,2.5 gallon
129003,42.0 milligram
129004,28.0 ounce
129005,27.5 pound
129006,2.0 gram
129007,1.8 volt
129008,1500.0 millilitre
129009,120.0 volt
129010,230.0 millilitre
129011,20.0 kilogram
129012,100.0 watt
129013,8.0 fluid ounce
129014,308.0 gram
129015,150.0 gram
129016,8.0 fluid ounce
129017,100.0 gram
129018,100.0 ton
129019,750.0 watt
129020,700.0 gram
129021,0.3 ounce
129022,100.0 gram
129023,10.0 gram
129024,4.0 gram
129025,100.0 gram
129026,4.4 pound
129027,226.0 gram
129028,300.0 pound
129029,300.0 pound
129030,12.54 pound
129031,40.0 gram
129032,220.0 volt
129033,220.0 volt
129034,12.0 fluid ounce
129035,200.0 gram
129036,306.43 pound
129037,13.5 fluid ounce
129038,32.0 pound
129039,6.0 pound
129040,1.15 pound
129041,10.0 pound
129042,10.0 pound
129043,1.0 gram
129044,1.0 ton
129045,9.0 ton
129046,1.0 gram
129047,12.0 fluid ounce
129048,44.0 gram
129049,750.0 gram
129050,750.0 watt
129051,750.0 millilitre
129052,1080.0 gram
129053,3.25 pound
129054,340.0 pound
129055,340.0 pound
129056,9.3 pound
129057,12.0 volt
129058,12.0 watt
129059,38.0 gram
129060,1.0 fluid ounce
129061,9.8 foot
129062,0.0 ounce
129063,1.2 volt
129064,11.5 fluid ounce
129065,1.0 fluid ounce
129066,355.0 fluid ounce
129067,1.6 fluid ounce
129068,24.0 pound
129069,24.0 pound
129070,300.0 pound
129071,300.0 pound
129072,40.0 gram
129073,12.0 fluid ounce
129074,420.0 gram
129075,2.0 ton
129076,224.0 gram
129077,200.0 pound
129078,8.23 fluid ounce
129079,100.0 pound
129080,907.0 gram
129081,20.0 pound
129082,42 kilogram
129083,42.0 kilogram
129084,150.0 pound
129085,500.0 millilitre
129086,6.0 pound
129087,121.0 pound
129088,1.0 gram
129089,100.0 gram
129090,512.0 gram
129091,567.0 gram
129092,16.0 fluid ounce
129093,297.0 gram
129094,8.0 gram
129095,9.0 gram
129096,3.0 gram
129097,5.0 gram
129098,15.0 watt
129099,15.0 gram
129100,80.0 gram
129101,1.0 ton
129102,265.0 pound
129103,68.0 fluid ounce
129104,303.0 gram
129105,3068.0 gram
129106,10.0 gram
129107,2.0 watt
129108,512.0 gram
129109,1.9 pound
129110,500 pound
129111,240.0 gram
129112,1600.0 millivolt
129113,4.0 gram
129114,244.0 gram
129115,8000.0 pound
129116,2.5 gram
129117,11.0 ton
129118,54.0 pound
129119,54.0 pound
129120,4.0 gram
129121,120.0 gram
129122,600.0 pound
129123,379.0 gram
129124,2.0 gram
129125,132.0 pound
129126,200.0 pound
129127,300.0 gram
129128,300.0 watt
129129,2.0 ton
129130,2.0 gram
129131,2.0 fluid ounce
129132,283.0 gram
129133,2.2 pound
129134,12.0 volt
129135,650.0 pound
129136,160.0 gram
129137,11.0 gram
129138,250.0 pound
129139,120.0 pound
129140,18.0 gram
129141,24.7 pound
129142,24.7 pound
129143,300.0 millilitre
129144,100.0 watt
129145,5.0 gram
129146,16.0 millilitre
129147,120.0 gram
129148,100.0 gram
129149,100.0 gram
129150,220.0 pound
129151,1.01 kilogram
129152,1.01 kilogram
129153,500 pound
129154,15.0 gram
129155,53.0 gram
129156,70.0 gram
129157,8.0 fluid ounce
129158,288.0 gram
129159,2.7 inch
129160,28.0 pound
129161,6.32 fluid ounce
129162,1.0 kilogram
129163,150.0 watt
129164,200.0 gram
129165,600.0 pound
129166,250.0 millilitre
129167,0.5 pound
129168,16.0 gram
129169,10.0 watt
129170,18.0 gram
129171,2.0 kilogram
129172,20.8 ounce
129173,120.0 volt
129174,170.0 watt
129175,5.0 gram
129176,1.0 fluid ounce
129177,1.2 volt
129178,14.0 gram
129179,14.0 ton
129180,8.0 gram
129181,16.9 fluid ounce
129182,200.0 gram
129183,71.0 pound
129184,160.0 pound
129185,750.0 millilitre
129186,350.0 gram
129187,350.0 watt
129188,12.0 fluid ounce
129189,50.0 gram
129190,5.0 volt
129191,1400.0 milliwatt
129192,5.0 volt
129193,1.0 pound
129194,2.73 pound
129195,4.6 gram
129196,300.0 pound
129197,"[350.0, 8.0] watt"
129198,50.0 pound
129199,50.0 pound
129200,32.0 gram
129201,20.0 pound
129202,5.5 kilogram
129203,23.0 watt
129204,264.5 pound
129205,6.0 gram
129206,1280.0 gram
129207,454.0 gram
129208,100.0 pound
129209,750.0 millilitre
129210,2.0 pound
129211,500.0 gram
129212,7.0 gram
129213,3.0 gram
129214,200.0 gram
129215,750.0 watt
129216,750.0 gram
129217,220.0 pound
129218,220.0 pound
129219,12.0 fluid ounce
129220,2.0 pound
129221,210.0 gram
129222,1.0 pound
129223,12.0 fluid ounce
129224,1200.0 gram
129225,450.0 watt
129226,750.0 millilitre
129227,300.0 gram
129228,2000.0 pound
129229,20.0 millilitre
129230,170.0 pound
129231,30.0 gram
129232,1.2 volt
129233,100.0 watt
129234,500.0 watt
129235,500.0 gram
129236,220.0 pound
129237,45 pound
129238,1.8 volt
129239,300.0 pound
129240,300.0 pound
129241,155.0 gram
129242,425.0 litre
129243,2.0 volt
129244,4.0 gram
129245,265 pound
129246,2177.0 gram
129247,120.0 pound
129248,18.0 gram
129249,4.0 gram
129250,50.0 pound
129251,50.0 pound
129252,25.0 gram
129253,1.35 volt
129254,50.0 pound
129255,6.0 gram
129256,100.0 gram
129257,10.0 gram
129258,950.0 gram
129259,950.0 gram
129260,1094.0 ton
129261,4.1 pound
129262,9.0 ton
129263,2.0 ton
129264,5.0 gram
129265,1.2 volt
129266,200.0 gram
129267,310.0 gram
129268,600.0 gram
129269,19.6 pound
129270,1.0 fluid ounce
129271,100.0 gram
129272,10.0 gram
129273,263.0 pound
129274,305.0 milliwatt
129275,600.0 pound
129276,17.0 pound
129277,1.35 volt
129278,10.0 gram
129279,5.0 volt
129280,12.0 fluid ounce
129281,128.0 gram
129282,172.0 gram
129283,17.0 gram
129284,6.5 pound
129285,20.0 gram
129286,19.5 pound
129287,2.0 volt
129288,2.0 pound
129289,8.0 fluid ounce
129290,3.9 pound
129291,60.0 watt
129292,60.0 gram
129293,320.0 gram
129294,5.0 watt
129295,12.0 fluid ounce
129296,15.0 pound
129297,0.25 fluid ounce
129298,155.0 gram
129299,250.0 pound
129300,250.0 pound
129301,35.0 pound
129302,35.0 pound
129303,14.2 ton
129304,1.0 kilogram
129305,5.0 gram
129306,4000.0 pound
129307,1.0 kilogram
129308,237.0 millilitre
129309,6.0 ton
129310,900.0 pound
129311,25.0 gram
129312,650.0 gram
129313,18.0 fluid ounce
129314,1000.0 gram
129315,300.0 kilogram
129316,300.0 kilogram
129317,14.0 gram
129318,218.0 gram
129319,250.0 watt
129320,1.0 gram
129321,40.0 gram
129322,118.0 millilitre
129323,2.0 gram
129324,12.0 fluid ounce
129325,14.0 ounce
129326,120.0 gram
129327,178.0 gram
129328,100.0 watt
129329,100.0 watt
129330,250.0 pound
129331,250.0 pound
129332,100.0 gram
129333,100.0 watt
129334,16.0 fluid ounce
129335,272.5 kilogram
129336,127.6 pound
129337,50.0 gram
129338,50.0 pound
129339,88.0 pound
129340,88.0 pound
129341,12.0 ton
129342,275.0 pound
129343,0.9 ounce
129344,8.5 ounce
129345,30.0 pound
129346,120.0 pound
129347,355.0 millilitre
129348,220.0 pound
129349,1.35 volt
129350,90.0 gram
129351,12.0 fluid ounce
129352,12.0 ton
129353,6.5 gram
129354,1.74 fluid ounce
129355,16.0 fluid ounce
129356,800.0 pound
129357,510.0 volt
129358,510.0 watt
129359,75.0 pound
129360,500.0 pound
129361,66.0 gram
129362,12.0 fluid ounce
129363,3.3 pound
129364,700.0 pound
129365,1000.0 gram
129366,342.0 gram
129367,8.25 fluid ounce
129368,500.0 pound
129369,500.0 pound
129370,14.0 ton
129371,24.0 fluid ounce
129372,473.0 millilitre
129373,711.0 gram
129374,5069.0 gram
129375,1.0 gram
129376,7.0 ton
129377,4.2 pound
129378,128.0 gram
129379,1500.0 gram
129380,4.1 pound
129381,5.0 ton
129382,20.0 pound
129383,355.0 millilitre
129384,454.0 gram
129385,4.6 kilogram
129386,1.3 pound
129387,100.0 gram
129388,128.0 pound
129389,100.0 gram
129390,100.0 gram
129391,9.5 gram
129392,240.0 gram
129393,5.0 pound
129394,10.0 pound
129395,2200.0 pound
129396,13.5 gram
129397,5.0 gram
129398,12.0 millilitre
129399,240.0 fluid ounce
129400,32.0 fluid ounce
129401,5.0 ton
129402,330.0 millilitre
129403,100.0 gram
129404,15.0 pound
129405,15.0 pound
129406,100.0 gram
129407,9.0 gram
129408,750.0 gram
129409,750.0 watt
129410,60.0 litre
129411,32.0 fluid ounce
129412,4.9 litre
129413,4.0 fluid ounce
129414,"[35.0, 70.0] pound"
129415,1.1 volt
129416,80.0 gram
129417,100.0 watt
129418,100.0 watt
129419,5.0 volt
129420,2.0 gram
129421,30.0 gram
129422,128.0 gram
129423,37.0 pound
129424,0.0 gram
129425,18.7 ounce
129426,4.31 fluid ounce
129427,250.0 pound
129428,250.0 pound
129429,11.0 pound
129430,14.0 gram
129431,15.0 millilitre
129432,2.7 pound
129433,1.0 pound
129434,1119.0 gram
129435,209.0 pound
129436,24.0 fluid ounce
129437,2.95 ounce
129438,10.0 pound
129439,120.0 gram
129440,196.0 gram
129441,800.0 pound
129442,800.0 pound
129443,189.54 pound
129444,1.35 volt
129445,100.0 watt
129446,100.0 gram
129447,250 pound
129448,1.2 volt
129449,32.0 fluid ounce
129450,220.0 gram
129451,12.0 fluid ounce
129452,2000.0 pound
129453,2000.0 gram
129454,23.0 pound
129455,20.0 gram
129456,20.0 watt
129457,10.0 gram
129458,12.0 fluid ounce
129459,1.0 gram
129460,8.0 ton
129461,35.0 pound
129462,100.0 ton
129463,100.0 gram
129464,1.0 fluid ounce
129465,4.0 fluid ounce
129466,1.0 gram
129467,500.0 gram
129468,15.0 pound
129469,72.8 pound
129470,72.8 pound
129471,64.0 pound
129472,400.0 pound
129473,100.0 gram
129474,47.0 pound
129475,237.0 millilitre
129476,5.0 volt
129477,355.0 millilitre
129478,100.0 gram
129479,100.0 gram
129480,100.0 watt
129481,12.0 fluid ounce
129482,3.97 pound
129483,300.0 gram
129484,5.0 gram
129485,45.0 gram
129486,1.0 fluid ounce
129487,2.0 ounce
129488,10.0 pound
129489,2.4 gram
129490,4.0 ounce
129491,250.0 millilitre
129492,276.0 gram
129493,15.0 watt
129494,120.0 gram
129495,32.0 gram
129496,850.0 watt
129497,850.0 gram
129498,800 pound
129499,1.2 volt
129500,12.0 fluid ounce
129501,2.26 kilogram
129502,50 kilogram
129503,200.0 gram
129504,200.0 gram
129505,12.0 watt
129506,12.0 gram
129507,12.0 fluid ounce
129508,1.0 watt
129509,5.0 pound
129510,0.0 gram
129511,0.5 fluid ounce
129512,2.0 gram
129513,2.0 horsepower
129514,5.0 volt
129515,5.0 watt
129516,5.0 volt
129517,7.0 watt
129518,12.0 fluid ounce
129519,237.0 millilitre
129520,18.0 pound
129521,245.0 pound
129522,245.0 pound
129523,8.0 pound
129524,1.32 fluid ounce
129525,340.0 gram
129526,455.0 gram
129527,355.0 millilitre
129528,15.0 fluid ounce
129529,55.0 pound
129530,250.0 gram
129531,2.4 inch
129532,1.2 volt
129533,3.0 ton
129534,28.0 ton
129535,28.0 ton
129536,12.0 volt
129537,12.0 volt
129538,45.0 pound
129539,650.0 gram
129540,650.0 watt
129541,212.6 gram
129542,500.0 pound
129543,500.0 pound
129544,11.7 volt
129545,4.0 pound
129546,17.0 inch
129547,277.0 gram
129548,238.0 gram
129549,3.0 ton
129550,100.0 gram
129551,44.0 pound
129552,5.0 litre
129553,180.0 ton
129554,180.0 gram
129555,1.0 fluid ounce
129556,4500.0 ton
129557,24.0 pound
129558,300.0 pound
129559,300.0 pound
129560,64.0 gram
129561,8.5 fluid ounce
129562,1.2 volt
129563,85.4 gram
129564,40.0 gram
129565,10.0 pound
129566,10.0 pound
129567,32.0 gram
129568,80.0 gram
129569,200.0 gram
129570,30.0 fluid ounce
129571,1.8 volt
129572,10.0 gram
129573,7.0 gram
129574,150.0 gram
129575,750.0 watt
129576,1.2 volt
129577,1.0 gram
129578,6.0 gram
129579,6.4 ton
129580,11.0 ton
129581,1.5 pound
129582,220.0 pound
129583,220.0 pound
129584,15.0 gram
129585,15.0 pound
129586,5.0 fluid ounce
129587,19.5 gram
129588,11.0 fluid ounce
129589,176.0 gram
129590,600.0 watt
129591,600.0 gram
129592,9.0 gram
129593,22.0 pound
129594,4.0 gram
129595,20.0 gram
129596,20.0 pound
129597,2.5 gram
129598,1.0 gram
129599,236.0 millilitre
129600,250.0 pound
129601,170.0 pound
129602,2.0 pound
129603,11.0 pound
129604,12.0 fluid ounce
129605,330.0 millilitre
129606,11.2 fluid ounce
129607,15.0 watt
129608,22.0 pound
129609,22.0 pound
129610,17.0 pound
129611,200 pound
129612,110.0 volt
129613,360.0 watt
129614,2.95 ounce
129615,0.51 fluid ounce
129616,320.0 gram
129617,1.2 volt
129618,360.0 gram
129619,150.0 pound
129620,"[3000.0, 5000.0] gram"
129621,1.2 volt
129622,800 pound
129623,1.7 fluid ounce
129624,2.0 fluid ounce
129625,6 kilogram
129626,6.0 kilogram
129627,0.5 pound
129628,0.5 litre
129629,0.3 gram
129630,310.0 gram
129631,60.0 pound
129632,120.0 pound
129633,12.0 ton
129634,100.0 gram
129635,65.0 gram
129636,227.0 gram
129637,60.0 gram
129638,120.0 volt
129639,24.0 watt
129640,1.8 fluid ounce
129641,37.8 pound
129642,5.0 volt
129643,300.0 gram
129644,6.0 gram
129645,170.0 watt
129646,1.0 litre
129647,12.0 fluid ounce
129648,1.0 gram
129649,4.0 watt
129650,350.0 gram
129651,1.0 gram
129652,16.0 gram
129653,19.0 pound
129654,35.0 milligram
129655,1.5 volt
129656,"[30.0, 70.0] pound"
129657,10.0 gram
129658,271.5 kilogram
129659,1.0 gram
129660,42.0 gram
129661,1.61 fluid ounce
129662,25.0 gram
129663,700.0 pound
129664,8.0 gram
129665,90.0 pound
129666,128.0 gram
129667,18.0 gram
129668,2.0 fluid ounce
129669,250.0 gram
129670,400.0 pound
129671,1.2 pound
129672,180.0 gram
129673,4.1 pound
129674,514.0 gram
129675,3.0 gram
129676,1.0 gram
129677,11.0 pound
129678,11.0 pound
129679,283.0 gram
129680,12.0 pound
129681,12.0 pound
129682,128.0 gram
129683,100.0 millilitre
129684,1.2 volt
129685,1.0 gram
129686,717.0 gram
129687,717.0 watt
129688,16.0 fluid ounce
129689,115.0 volt
129690,115.0 volt
129691,4.0 ton
129692,237.0 millilitre
129693,1.1 pound
129694,6.0 inch
129695,6.0 gram
129696,3.8 pound
129697,100.0 gram
129698,100.0 gram
129699,120.0 volt
129700,20.0 watt
129701,250.0 pound
129702,250.0 pound
129703,30.0 gram
129704,30.0 watt
129705,180.0 gram
129706,4.0 gram
129707,110.0 volt
129708,30.0 watt
129709,5.0 pound
129710,5.0 pound
129711,0.55 pound
129712,170.0 watt
129713,100000.0 pound
129714,127.6 pound
129715,1.0 gram
129716,3.0 gram
129717,135.0 volt
129718,1.2 volt
129719,250.0 pound
129720,250.0 pound
129721,236.0 millilitre
129722,3.0 ton
129723,1.0 pound
129724,55.0 pound
129725,55.0 pound
129726,150.0 pound
129727,1.81 kilogram
129728,50.0 pound
129729,10673.0 quart
129730,100.0 gram
129731,20.0 kilogram
129732,10.0 watt
129733,1.0 gram
129734,11.0 pound
129735,11.0 pound
129736,100.0 watt
129737,20.0 pound
129738,809.0 gram
129739,4.0 kilogram
129740,243.0 pound
129741,243.0 pound
129742,8.0 gram
129743,7.0 pound
129744,1.0 fluid ounce
129745,2.2 pound
129746,220.0 pound
129747,250.0 millilitre
129748,1.2 volt
129749,30.0 watt
129750,30.0 gram
129751,550 pound
129752,1.0 gram
129753,12.0 fluid ounce
129754,16.9 fluid ounce
129755,2000.0 pound
129756,2.0 pound
129757,45.0 watt
129758,4.0 gram
129759,600.0 pound
129760,360.0 gram
129761,93.0 pound
129762,1.0 pound
129763,4.0 kilogram
129764,280.0 gram
129765,340.0 gram
129766,2.54 pound
129767,19.61 fluid ounce
129768,7.0 kilogram
129769,1.2 volt
129770,255.0 gram
129771,10.0 horsepower
129772,42.5 gram
129773,250.0 pound
129774,250.0 pound
129775,50.0 gram
129776,94.2 pound
129777,2.0 fluid ounce
129778,1.0 pound
129779,200.0 kilogram
129780,200 kilogram
129781,100.0 watt
129782,5.0 volt
129783,26.0 gram
129784,1.2 volt
129785,9.0 pound
129786,4.0 watt
129787,10.0 ton
129788,16.0 fluid ounce
129789,105.0 gram
129790,12.0 fluid ounce
129791,6.0 watt
129792,10.0 gram
129793,25.0 kilogram
129794,2.8 gram
129795,8.0 gram
129796,5.28 litre
129797,440 pound
129798,2.1 pound
129799,2.1 pound
129800,600.0 pound
129801,1.2 volt
129802,4.0 ton
129803,4.0 ton
129804,600.0 pound
129805,600.0 pound
129806,14.0 pound
129807,3.0 pound
129808,1.0 fluid ounce
129809,250.0 millilitre
129810,0.538 pound
129811,35.0 volt
129812,16.0 fluid ounce
129813,12.0 fluid ounce
129814,33.0 pound
129815,79.0 pound
129816,79.0 pound
129817,13.6 gram
129818,1905.0 gram
129819,550.0 pound
129820,550.0 pound
129821,2.0 fluid ounce
129822,100.0 gram
129823,59.0 millilitre
129824,1.0 gram
129825,142.0 gram
129826,15.0 fluid ounce
129827,45.0 gram
129828,284.0 gram
129829,1000.0 gram
129830,1000.0 milligram
129831,11.0 gram
129832,44.0 ton
129833,44.0 gram
129834,120.0 ton
129835,454.0 gram
129836,115.0 volt
129837,16.76 pound
129838,1.0 litre
129839,1.35 volt
129840,3.0 fluid ounce
129841,154.0 litre
129842,1.2 volt
129843,6.4 gram
129844,80.0 pound
129845,6.0 gram
129846,1.2 volt
129847,40.5 litre
129848,231.5 pound
129849,277.0 gram
129850,17.0 inch
129851,100.0 gram
129852,4.0 fluid ounce
129853,8.11 fluid ounce
129854,355.0 fluid ounce
129855,40.0 pound
129856,12.0 fluid ounce
129857,220.0 pound
129858,150.0 kilogram
129859,150 kilogram
129860,45.0 gram
129861,450.0 gram
129862,326.0 gram
129863,48.0 milligram
129864,4.0 ounce
129865,300.0 gram
129866,120.0 pound
129867,600.0 gram
129868,4.0 gram
129869,176.0 pound
129870,82.0 gram
129871,440.0 gram
129872,2800.0 milligram
129873,12.0 fluid ounce
129874,750.0 millilitre
129875,2.1 fluid ounce
129876,681.0 gram
129877,657.0 horsepower
129878,32.0 gram
129879,1.0 gram
129880,5.1 gram
129881,850.0 watt
129882,850.0 gram
129883,1.2 volt
129884,15.0 gram
129885,64.0 gram
129886,16.0 kilogram
129887,10.0 inch
129888,10.0 gram
129889,6.0 kilogram
129890,2.51 pound
129891,500.0 pound
129892,11.0 ton
129893,8.5 ton
129894,113 gram
129895,237.0 millilitre
129896,1.2 volt
129897,800.0 pound
129898,0.86 pound
129899,0.66 pound
129900,209.0 pound
129901,64.0 gram
129902,40.0 pound
129903,40.0 pound
129904,2126.0 gram
129905,2.0 gallon
129906,300.0 pound
129907,300.0 pound
129908,250.0 gram
129909,250.0 watt
129910,4.3 gram
129911,4.3 pound
129912,65.0 gram
129913,0.5 litre
129914,100.0 gram
129915,512.0 gram
129916,12.0 pound
129917,1.2 volt
129918,1.0 gram
129919,10.0 ounce
129920,110.0 pound
129921,9.0 gram
129922,11.2 volt
129923,3.0 watt
129924,6.0 ton
129925,10.195 pound
129926,50.0 pound
129927,2.0 gram
129928,15.0 pound
129929,15.0 pound
129930,4.0 ton
129931,4.0 ton
129932,15.0 pound
129933,3.5 pound
129934,64.0 fluid ounce
129935,6.0 gram
129936,350 pound
129937,350.0 pound
129938,330.0 pound
129939,400.0 gram
129940,4.0 kilowatt hour
129941,3.0 ton
129942,10.0 gram
129943,600.0 pound
129944,40.0 pound
129945,40.0 pound
129946,26.0 kilogram
129947,1.3 pound
129948,14.0 gram
129949,1.0 ton
129950,24.0 fluid ounce
129951,296.0 gram
129952,100.0 gram
129953,100.0 gram
129954,5.5 pound
129955,5.5 pound
129956,2.0 gram
129957,8.0 fluid ounce
129958,12.5 pound
129959,172.0 pound
129960,500.0 pound
129961,1.8 pound
129962,300.0 watt
129963,300.0 gram
129964,3.25 kilogram
129965,1000.0 gram
129966,66.0 pound
129967,66.0 pound
129968,13.0 ton
129969,20.0 pound
129970,100.0 gram
129971,450.0 millilitre
129972,1.2 volt
129973,750.0 millilitre
129974,"[9.0, 10.0] volt"
129975,1.0 gram
129976,2.0 fluid ounce
129977,32.0 fluid ounce
129978,7.0 gram
129979,500.0 millilitre
129980,9.0 gram
129981,2200.0 pound
129982,1.0 gram
129983,1.0 ton
129984,0.35 fluid ounce
129985,6.0 ton
129986,6.0 ton
129987,12.0 gram
129988,8.0 watt
129989,250.0 gram
129990,250.0 horsepower
129991,40.0 pound
129992,500.0 gram
129993,5.0 volt
129994,286.0 pound
129995,286.0 pound
129996,4.23 pound
129997,100.0 watt
129998,16.0 gram
129999,38.8 fluid ounce
130000,250.0 millilitre
130001,220.0 pound
130002,8.0 fluid ounce
130003,12.0 gram
130004,2000.0 pound
130005,15.0 pound
130006,280.0 gram
130007,18.0 pound
130008,512.0 volt
130009,4.0 litre
130010,1.2 volt
130011,450.0 fluid ounce
130012,441.0 pound
130013,441.0 pound
130014,12.0 volt
130015,19.8 pound
130016,19.8 pound
130017,250 kilogram
130018,250.0 kilogram
130019,60.0 gram
130020,1050.0 gram
130021,1050.0 watt
130022,12.0 gram
130023,750.0 millilitre
130024,43.6 pound
130025,12.0 fluid ounce
130026,30.0 fluid ounce
130027,12.5 pound
130028,350 pound
130029,6.0 watt
130030,2.0 gram
130031,8.0 gram
130032,15.0 kilogram
130033,4.0 gram
130034,100.0 gram
130035,5.0 fluid ounce
130036,100.0 gram
130037,12.0 gram
130038,12.0 inch
130039,12.0 fluid ounce
130040,2022.0 gram
130041,20.0 pound
130042,18.5 ounce
130043,1.6 fluid ounce
130044,3.0 gram
130045,8.0 ounce
130046,1.5 litre
130047,7720.0 gram
130048,19.0 watt
130049,212.0 horsepower
130050,212.0 gram
130051,105.0 fluid ounce
130052,5.2 pound
130053,1.5 fluid ounce
130054,3.0 pound
130055,350 pound
130056,142.0 gram
130057,5.2 pound
130058,64.0 gram
130059,30.0 gram
130060,100.0 gram
130061,226.0 gram
130062,68.0 kilogram
130063,119.0 pound
130064,1.2 volt
130065,26.0 kilogram
130066,100.0 pound
130067,100.0 pound
130068,20.0 watt
130069,35.0 gram
130070,350.0 pound
130071,350.0 pound
130072,100.0 gram
130073,2.0 gram
130074,0.65 pound
130075,1.5 volt
130076,454.0 gram
130077,45.0 pound
130078,1200.0 pound
130079,360.0 gram
130080,220.0 pound
130081,220.0 pound
130082,5.0 fluid ounce
130083,11.25 kilogram
130084,50.0 pound
130085,69.4 pound
130086,500.0 pound
130087,454.0 gram
130088,5.0 gram
130089,100.0 watt
130090,4.0 gram
130091,11.5 fluid ounce
130092,200.0 gram
130093,2.0 horsepower
130094,0.8 pound
130095,550.0 pound
130096,0.35 kilogram
130097,0.35 kilogram
130098,237.0 millilitre
130099,111.0 gram
130100,1.69 kilogram
130101,1.69 kilogram
130102,8.0 ton
130103,133.0 gram
130104,550.0 gram
130105,550.0 watt
130106,104.0 gram
130107,12.0 pound
130108,4.0 fluid ounce
130109,12.0 volt
130110,120.0 watt
130111,120.0 volt
130112,1.5 watt
130113,330.0 pound
130114,330.0 pound
130115,250.0 millilitre
130116,180.0 gram
130117,30.0 gram
130118,158.0 watt
130119,12.0 volt
130120,127.0 gram
130121,400 gram
130122,400.0 pound
130123,35.0 pound
130124,8.4 pound
130125,8.4 pound
130126,8.0 fluid ounce
130127,50.0 pound
130128,16.0 gram
130129,700.0 gram
130130,330.0 millilitre
130131,1.0 pound
130132,216.0 gram
130133,750.0 gram
130134,750.0 watt
130135,355.0 millilitre
130136,45.0 gram
130137,16.0 fluid ounce
130138,1.0 gram
130139,1.2 volt
130140,4.4 pound
130141,100.0 gram
130142,1.0 pound
130143,12.0 fluid ounce
130144,1.7 pound
130145,100.0 gram
130146,16.9 fluid ounce
130147,7.0 gram
130148,12.0 volt
130149,100.0 gram
130150,500.0 millilitre
130151,946.0 millilitre
130152,600.0 pound
130153,3.5 fluid ounce
130154,8.0 gram
130155,10.0 watt
130156,10.0 gram
130157,100.0 millilitre
130158,36.0 gram
130159,80.0 gram
130160,1.0 horsepower
130161,300.0 gram
130162,300.0 watt
130163,20.0 pound
130164,20.0 pound
130165,15.0 millilitre
130166,64.0 gram
130167,550.0 gram
130168,1.872 quart
130169,2.205 pound
130170,6000.0 pound
130171,0.0 gram
130172,4.0 gram
130173,4.0 ton
130174,480.0 gram
130175,480.0 watt
130176,16.0 fluid ounce
130177,35.0 pound
130178,12.0 volt
130179,64.0 watt
130180,2.9 kilogram
130181,300.0 pound
130182,32.0 fluid ounce
130183,5.0 gram
130184,8.4 fluid ounce
130185,5.0 volt
130186,21.0 pound
130187,20.0 millilitre
130188,800.0 pound
130189,24.0 fluid ounce
130190,15.4 pound
130191,55.0 litre
130192,1.8 volt
130193,1.1 volt
130194,120.0 watt
130195,120.0 gram
130196,35.0 watt
130197,35.0 gram
130198,4.0 gram
130199,1.0 pound
130200,64.0 gram
130201,12.0 volt
130202,5.0 pound
130203,2.6 pound
130204,2.6 pound
130205,21.0 pound
130206,8.0 cubic inch
130207,355.0 millilitre
130208,300.0 watt
130209,110.0 volt
130210,1.62 pound
130211,147.0 millilitre
130212,6.1 fluid ounce
130213,64.0 gram
130214,"[164.0, 240.0] volt"
130215,1.2 volt
130216,1.0 gram
130217,3.0 fluid ounce
130218,59.0 millilitre
130219,220.0 pound
130220,220.0 pound
130221,2.15 pound
130222,25.0 litre
130223,200.0 gram
130224,220.0 watt
130225,80.0 pound
130226,80.0 pound
130227,50.0 gram
130228,11.0 fluid ounce
130229,100.0 gram
130230,100.0 gram
130231,90.0 milligram
130232,9.0 pound
130233,9.0 ton
130234,10.0 gram
130235,40.0 watt
130236,7500.0 gram
130237,2.0 watt
130238,454.0 gram
130239,946.0 millilitre
130240,1.0 fluid ounce
130241,414.0 millilitre
130242,12.0 fluid ounce
130243,150.0 gram
130244,80.0 pound
130245,80.0 pound
130246,1000.0 pound
130247,64.0 gram
130248,16.0 fluid ounce
130249,150.0 pound
130250,150.0 pound
130251,18.0 volt
130252,18.0 gram
130253,1.0 fluid ounce
130254,11.0 gram
130255,11.0 watt
130256,142.0 gram
130257,170.0 gram
130258,300.0 gram
130259,300.0 watt
130260,5.0 volt
130261,5.0 watt
130262,12.0 gram
130263,2.55 pound
130264,7.05 pound
130265,0.0 gram
130266,13.0 kilogram
130267,250.0 gram
130268,600.0 watt
130269,600.0 gram
130270,70.0 gram
130271,3.0 watt
130272,3000.0 gram
130273,3000.0 watt
130274,12.0 volt
130275,4.2 watt
130276,1.5 volt
130277,1.5 volt
130278,28.0 gram
130279,0.28 inch
130280,330.0 gram
130281,404.0 gram
130282,16.59 fluid ounce
130283,18.0 pound
130284,18.0 pound
130285,250.0 gram
130286,137.0 gram
130287,300.0 gram
130288,1.82 milliwatt
130289,700.0 gram
130290,1.32 litre
130291,32.0 gram
130292,0.12 gram
130293,108.0 milligram
130294,25.0 pound
130295,100.0 gram
130296,4000.0 gram
130297,1200.0 gram
130298,1.0 fluid ounce
130299,4000.0 pound
130300,1.0 pound
130301,8.5 fluid ounce
130302,270.0 gram
130303,8.0 ton
130304,8.0 ton
130305,12.0 fluid ounce
130306,1.0 fluid ounce
130307,9.0 gram
130308,8.0 fluid ounce
130309,250.0 horsepower
130310,250.0 gram
130311,16.0 fluid ounce
130312,11.5 fluid ounce
130313,1.0 gram
130314,1.0 ton
130315,4.8 pound
130316,64.0 gram
130317,1.2 volt
130318,14.0 gram
130319,100.0 gram
130320,100.0 gram
130321,64.0 gram
130322,3.3 pound
130323,3.75 fluid ounce
130324,1.0 fluid ounce
130325,330.0 millilitre
130326,2.0 gram
130327,10.0 gram
130328,12.0 fluid ounce
130329,3.0 gram
130330,4.0 ton
130331,256.0 gram
130332,60.0 watt
130333,60.0 gram
130334,1.1 pound
130335,0.0 gram
130336,100.0 gram
130337,1.0 gram
130338,100.0 gram
130339,100.0 gram
130340,32.0 fluid ounce
130341,180.0 gram
130342,100.0 gram
130343,100.0 gram
130344,300.0 gram
130345,16000.0 gram
130346,1000.0 watt
130347,485.0 pound
130348,485 pound
130349,16.0 gram
130350,16.6 pound
130351,16.6 pound
130352,1000.0 gram
130353,8.0 pound
130354,25.0 pound
130355,5.25 pound
130356,64.0 gram
130357,64.0 gram
130358,5.2 pound
130359,50.0 gram
130360,9.0 pound
130361,6.0 gram
130362,14.0 gram
130363,146.0 watt
130364,146.0 gram
130365,4.0 gram
130366,330.0 millilitre
130367,10.0 millilitre
130368,500.0 pound
130369,908.0 gram
130370,700.0 pound
130371,155.0 millilitre
130372,299.0 gram
130373,299.0 watt
130374,14.0 fluid ounce
130375,7.0 ounce
130376,25.0 milligram
130377,750.0 millilitre
130378,12.0 fluid ounce
130379,400.0 millilitre
130380,16.0 fluid ounce
130381,299.0 gram
130382,239.0 watt
130383,300.0 pound
130384,3.4 fluid ounce
130385,13.0 kilogram
130386,800.0 watt
130387,800.0 gram
130388,64.0 gram
130389,500.0 gram
130390,3000.0 milligram
130391,1.5 volt
130392,6.0 ton
130393,100.0 gram
130394,600.0 watt
130395,20.0 milligram
130396,12.0 fluid ounce
130397,300.0 watt
130398,300.0 gram
130399,14.0 fluid ounce
130400,64.0 gram
130401,2.25 pound
130402,330.0 millilitre
130403,0.5 pound
130404,750.0 gram
130405,750.0 watt
130406,3.0 gram
130407,3.0 gram
130408,35.0 pound
130409,0.0 gram
130410,60.0 watt
130411,300.0 pound
130412,580.0 gram
130413,25 pound
130414,32.0 fluid ounce
130415,1.2 pound
130416,0.0 gram
130417,119.0 gram
130418,300.0 pound
130419,22.0 gram
130420,2.0 watt
130421,50.0 gram
130422,8.0 ounce
130423,16.0 gram
130424,64.0 gram
130425,237.0 millilitre
130426,250.0 gram
130427,100.0 gram
130428,2700.0 horsepower
130429,290.0 gram
130430,50.0 watt
130431,12.5 pound
130432,3.0 litre
130433,18.0 gram
130434,220.0 pound
130435,5.0 volt
130436,64.0 gram
130437,10.0 gram
130438,8.0 ton
130439,350 pound
130440,150.0 gram
130441,1.0 fluid ounce
130442,15.0 pound
130443,15.0 pound
130444,2.0 ton
130445,140.0 gram
130446,19.6 pound
130447,"[700.0, 800.0] gram"
130448,3.4 fluid ounce
130449,5.8 pound
130450,1.2 volt
130451,7.05 pound
130452,10.0 watt
130453,1.2 volt
130454,220.0 pound
130455,1.0 pound
130456,64.0 gram
130457,8.0 gram
130458,15.0 pound
130459,110.0 gram
130460,5.2 pound
130461,100.0 gram
130462,5.8 pound
130463,32.0 fluid ounce
130464,0.0 gram
130465,20.0 pound
130466,20.0 pound
130467,907.0 kilogram
130468,0.98 pound
130469,89.0 pound
130470,4.0 gram
130471,12.0 fluid ounce
130472,2.0 volt
130473,2.0 pound
130474,8.0 fluid ounce
130475,8.14 ounce
130476,1.0 pound
130477,8.5 fluid ounce
130478,20.0 pound
130479,22.6 gram
130480,362.0 gram
130481,12.0 fluid ounce
130482,17.1 volt
130483,3.8 pound
130484,38.0 ounce
130485,5.0 pound
130486,550.0 watt
130487,550.0 gram
130488,100.0 gram
130489,64.0 gram
130490,3.0 ton
130491,60.0 watt
130492,1640.0 gram
130493,2.0 fluid ounce
130494,268 gram
130495,7.0 gram
130496,350.0 watt
130497,1.07 kilogram
130498,473.0 millilitre
130499,500.0 gram
130500,85.0 gram
130501,13.0 ton
130502,588.0 gram
130503,15.0 kilogram
130504,15.0 kilogram
130505,560.0 gram
130506,44.0 millilitre
130507,2.76 gram
130508,12.0 fluid ounce
130509,12.0 fluid ounce
130510,33.0 fluid ounce
130511,100.0 gram
130512,7.05 pound
130513,100.0 pound
130514,3.0 ton
130515,3.0 ton
130516,75.0 watt
130517,75.0 gram
130518,0.3 microgram
130519,0.45 ounce
130520,12.0 fluid ounce
130521,16.0 pound
130522,19.6 pound
130523,100.0 gram
130524,0.7 kilowatt
130525,1360.0 milligram
130526,16.0 fluid ounce
130527,49.0 gram
130528,6.5 pound
130529,3.0 watt
130530,12.0 fluid ounce
130531,10.0 gram
130532,12.0 fluid ounce
130533,1.0 gram
130534,150.0 pound
130535,5.0 gram
130536,180.0 gram
130537,10.0 millilitre
130538,2.0 gram
130539,260.0 pound
130540,64.0 gram
130541,33.0 fluid ounce
130542,7.6 ounce
130543,500.0 gram
130544,200.0 pound
130545,80.0 gram
130546,220.0 watt
130547,200.0 gram
130548,1.0 litre
130549,141.5 volt
130550,52.0 gram
130551,13.0 ton
130552,26.0 watt
130553,2.0 ton
130554,2.0 ton
130555,64.0 gram
130556,800.0 gram
130557,250.0 pound
130558,250.0 pound
130559,5.0 volt
130560,66.0 pound
130561,225.0 gram
130562,6.0 horsepower
130563,3.0 ton
130564,240.0 gram
130565,250.0 pound
130566,1300.0 watt
130567,1299.0 gram
130568,6.0 watt
130569,365.0 millilitre
130570,500.0 gram
130571,1.2 volt
130572,992.0 gram
130573,150.0 gram
130574,960.0 gram
130575,960.0 watt
130576,64.0 gram
130577,2.0 ton
130578,1.0 fluid ounce
130579,650.0 gram
130580,650.0 watt
130581,150.0 watt
130582,150.0 gram
130583,24.0 gram
130584,35.0 milligram
130585,80.0 gram
130586,10.0 millilitre
130587,60.0 watt
130588,60.0 gram
130589,275.0 gram
130590,100.0 ton
130591,1.0 ton
130592,114.0 gram
130593,20.0 pound
130594,20.0 pound
130595,1.0 ton
130596,100.0 ton
130597,4.0 gram
130598,320.0 watt
130599,300.0 gram
130600,62.0 watt
130601,1.0 fluid ounce
130602,8.0 gram
130603,14.0 ton
130604,400.0 gram
130605,180.0 gram
130606,215.0 milligram
130607,12.0 fluid ounce
130608,600.0 gram
130609,15.0 pound
130610,5.0 volt
130611,1.0 gram
130612,9.0 pound
130613,64.0 gram
130614,0.37 watt
130615,12.0 volt
130616,946.0 millilitre
130617,100.0 gram
130618,50.0 gram
130619,24.0 fluid ounce
130620,750.0 watt
130621,21.4 gram
130622,1.1 volt
130623,25.0 gram
130624,8.8 pound
130625,224.0 gram
130626,33.8 fluid ounce
130627,27.7 pound
130628,1.0 watt
130629,12.0 volt
130630,6.0 inch
130631,6.7 gram
130632,64.0 gram
130633,100.0 gram
130634,64.0 gram
130635,32.0 gram
130636,2.0 ton
130637,3.0 pound
130638,100.0 ton
130639,200.0 milligram
130640,200.0 watt
130641,12.0 fluid ounce
130642,60.0 pound
130643,7.05 pound
130644,550.0 watt
130645,80.0 pound
130646,700.0 pound
130647,1.6 kilogram
130648,12.0 pound
130649,200 pound
130650,12.0 watt
130651,50.0 gram
130652,750.0 millilitre
130653,1.5 volt
130654,36.94 pound
130655,680.0 watt
130656,700.0 gram
130657,320000.0 pound
130658,271.5 kilogram
130659,3.0 gram
130660,3.0 gram
130661,64.0 gram
130662,100.0 pound
130663,100.0 gram
130664,5.2 pound
130665,170.0 gram
130666,40.0 kilogram
130667,40.0 kilogram
130668,64.0 gram
130669,350.0 watt
130670,1.0 gram
130671,1119.0 gram
130672,330.0 millilitre
130673,64.0 gram
130674,60.0 gram
130675,90.0 watt
130676,56.0 gram
130677,21.0 pound
130678,85.0 gram
130679,454.0 gram
130680,3200.0 volt
130681,285.0 gram
130682,434.0 gram
130683,64.0 gram
130684,12.0 fluid ounce
130685,500.0 gram
130686,150.0 gram
130687,150.0 watt
130688,10.0 fluid ounce
130689,15.0 pound
130690,80.0 pound
130691,80.0 pound
130692,12.0 fluid ounce
130693,216.0 gram
130694,237.0 millilitre
130695,100.0 gram
130696,1.2 pound
130697,12.0 gram
130698,13.5 fluid ounce
130699,8.0 ounce
130700,5.0 gram
130701,6.0 foot
130702,13.0 ton
130703,9.0 gram
130704,3.75 fluid ounce
130705,300.0 gram
130706,2.82 ounce
130707,4.0 gram
130708,11.0 ounce
130709,9511.0 gram
130710,40.0 gram
130711,299.0 gram
130712,240.0 horsepower
130713,2.0 watt
130714,4.7 pound
130715,8.0 fluid ounce
130716,"[15.0, 45.0] pound"
130717,31.0 pound
130718,31.0 pound
130719,454.0 gram
130720,4.0 gram
130721,1.0 fluid ounce
130722,6.0 gram
130723,1865.0 gram
130724,100.0 gram
130725,15.0 pound
130726,105.0 pound
130727,85.0 ton
130728,414.0 millilitre
130729,129.0 pound
130730,200.0 gram
130731,200.0 watt
130732,507.0 fluid ounce
130733,50.0 gram
130734,1978.0 gram
130735,300.0 gram
130736,300.0 watt
130737,168.0 gram
130738,2.0 gram
130739,16.0 fluid ounce
130740,80.0 pound
130741,80.0 pound
130742,643.0 gram
130743,344 gram
130744,1.1 volt
130745,36.0 pound
130746,18.0 gram
130747,0.0 watt
130748,12.0 volt
130749,5.4 kilogram
130750,14.0 fluid ounce
130751,300.0 watt
130752,300.0 gram
130753,5.0 gram
130754,1.89 litre
130755,16.0 gram
130756,30.0 milligram
130757,64.0 gram
130758,64.0 gram
130759,18.0 pound
130760,1.0 gram
130761,1.0 gram
130762,64.0 gram
130763,5.0 gram
130764,22.0 gram
130765,100.0 gram
130766,108.0 gram
130767,8.14 ounce
130768,10.0 pound
130769,10.0 pound
130770,1.1 pound
130771,128.0 gram
130772,11.5 fluid ounce
130773,9.4 gram
130774,3.78 litre
130775,1.0 fluid ounce
130776,8.0 fluid ounce
130777,5.0 volt
130778,700.0 millilitre
130779,1.5 ounce
130780,64.0 gram
130781,1.5 volt
130782,70.0 gram
130783,3.4 pound
130784,30.0 gram
130785,250.0 pound
130786,250.0 pound
130787,50.0 gram
130788,120.0 kilogram
130789,120.0 kilogram
130790,11.2 volt
130791,4.0 fluid ounce
130792,64.0 gram
130793,6.0 gram
130794,"[5.0, 8.0] gram"
130795,175.0 pound
130796,175.0 pound
130797,64.0 gram
130798,1.1 volt
130799,"[350.0, 8.0] watt"
130800,500.0 pound
130801,5.5 pound
130802,7.0 gram
130803,12.0 fluid ounce
130804,700.0 pound
130805,50.0 millilitre
130806,300.0 gram
130807,370.0 gram
130808,5.0 ton
130809,300.0 gram
130810,300.0 watt
130811,16.0 fluid ounce
130812,100.0 watt
130813,240.0 volt
130814,1.0 gram
130815,18.0 gram
130816,1.0 fluid ounce
130817,22.0 gram
130818,375.0 gram
130819,340.0 millilitre
130820,48.0 gram
130821,48.0 gram
130822,16.0 ounce
130823,534.0 gram
130824,534.0 gram
130825,1.0 gram
130826,3388.0 gram
130827,64.0 gram
130828,60.0 gram
130829,60.0 watt
130830,8.5 litre
130831,202.0 gram
130832,150.0 gram
130833,64.0 gram
130834,4.54 kilogram
130835,6.5 gram
130836,5.8 pound
130837,240.0 gram
130838,240.0 watt
130839,250 gram
130840,4.0 pound
130841,150.0 millilitre
130842,7.0 gram
130843,56.0 ounce
130844,3.0 litre
130845,4.0 gram
130846,5.25 pound
130847,10.5 fluid ounce
130848,10.0 pound
130849,100.0 pound
130850,106960.0 gram
130851,32.0 gram
130852,588.0 gram
130853,64.0 gram
130854,115.8 kilogram
130855,14.0 ounce
130856,69.0 pound
130857,11.0 gram
130858,32.0 gram
130859,11.4 kilogram
130860,57.0 gram
130861,25.0 gram
130862,12.0 watt
130863,252.0 gram
130864,7720.0 watt
130865,64.0 gram
130866,74.0 gram
130867,9.0 gram
130868,7.0 gram
130869,25.0 watt
130870,5.0 ton
130871,12.0 fluid ounce
130872,300.0 gram
130873,0.0 watt
130874,12.0 volt
130875,5110.0 gram
130876,1.1 pound
130877,1.0 fluid ounce
130878,300.0 pound
130879,1.0 pound
130880,400.0 gram
130881,8.0 ton
130882,8.0 ton
130883,64.0 gram
130884,2.0 pound
130885,500.0 pound
130886,5.85 pound
130887,25.0 gram
130888,19.0 pound
130889,128.0 gram
130890,41.0 pound
130891,41.0 pound
130892,2600.0 pound
130893,7.3 pound
130894,10.5 pound
130895,10.5 pound
130896,36.4 pound
130897,100.0 millilitre
130898,32.0 gram
130899,3.0 litre
130900,64.0 gram
130901,64.0 gram
130902,50.0 gram
130903,7.0 kilogram
130904,2.4 pound
130905,36.0 gram
130906,100.0 gram
130907,34.0 gram
130908,150.0 pound
130909,30000.0 pound
130910,6000.0 pound
130911,5.7 pound
130912,7.5 ounce
130913,7.5 ounce
130914,425.0 gram
130915,2.0 fluid ounce
130916,73.0 pound
130917,73.0 pound
130918,25.0 pound
130919,65.0 watt
130920,65.0 gram
130921,25.0 gram
130922,1000.0 gram
130923,1000.0 watt
130924,185.0 gram
130925,50.0 gram
130926,32.0 fluid ounce
130927,2.0 pound
130928,64.0 gram
130929,250.0 fluid ounce
130930,2.0 fluid ounce
130931,12.0 kilogram
130932,2.0 gram
130933,6.0 fluid ounce
130934,46.0 gram
130935,88.0 gram
130936,250 gram
130937,200.0 pound
130938,28.0 ounce
130939,0.5 pound
130940,8.5 fluid ounce
130941,252.0 gram
130942,3.5 inch
130943,60.0 gram
130944,218.0 gram
130945,11.0 kilogram
130946,0.4 ounce
130947,350.0 gram
130948,27.6 pound
130949,10.0 kilogram
130950,45.5 pound
130951,14.0 pound
130952,8.0 fluid ounce
130953,250 pound
130954,2.0 ounce
130955,2.0 pound
130956,0.0 watt
130957,0.0 gram
130958,3.0 gram
130959,252.0 gram
130960,7720.0 watt
130961,75.0 pound
130962,14.0 pound
130963,1.0 fluid ounce
130964,100.0 ton
130965,100.0 ton
130966,1.35 volt
130967,0.46 fluid ounce
130968,279.0 gram
130969,300.0 watt
130970,110.0 gram
130971,50.0 watt
130972,500.0 pound
130973,452.0 gram
130974,176.0 gram
130975,300.0 pound
130976,21.0 gram
130977,64.0 gram
130978,12.0 volt
130979,9.8 watt
130980,12.0 fluid ounce
130981,1.0 fluid ounce
130982,10.0 gram
130983,5.85 pound
130984,160.0 gram
130985,12.0 fluid ounce
130986,15.0 fluid ounce
130987,16000.0 pound
130988,66.0 gram
130989,4.0 gram
130990,40.0 kilogram
130991,40.0 kilogram
130992,300.0 gram
130993,355.0 millilitre
130994,146.0 gram
130995,64.0 gram
130996,220.0 pound
130997,300.0 pound
130998,50.0 gram
130999,88.0 gram
131000,64.0 gram
131001,10.0 gram
131002,218.0 gram
131003,11.6 ounce
131004,20.0 pound
131005,15.0 pound
131006,4.0 ton
131007,1000.0 ton
131008,560.0 gram
131009,325.0 millilitre
131010,9.0 pound
131011,2.0 gram
131012,1.0 pound
131013,1.0 fluid ounce
131014,3.05 milliwatt
131015,1.5 volt
131016,4.0 gram
131017,186.0 gram
131018,0.0 litre
131019,11.2 fluid ounce
131020,1.0 gram
131021,20.0 milligram
131022,0.11 kilogram
131023,45.0 watt
131024,1.2 volt
131025,75.0 pound
131026,5.5 pound
131027,1.35 volt
131028,330.0 millilitre
131029,1.1 pound
131030,6.0 gram
131031,8.0 fluid ounce
131032,600.0 pound
131033,600.0 pound
131034,1.0 pound
131035,1.0 ton
131036,100.0 ton
131037,30.0 watt
131038,30.0 gram
131039,650 pound
131040,100.0 gram
131041,100.0 gram
131042,500.0 millilitre
131043,12.0 fluid ounce
131044,6.0 foot
131045,60.0 gram
131046,60.0 watt
131047,230.0 watt
131048,0.5 fluid ounce
131049,87.0 milligram
131050,350.0 milliwatt
131051,6.0 watt
131052,6.0 gram
131053,2.4 inch
131054,2.4 gram
131055,25 pound
131056,25.0 pound
131057,15.0 pound
131058,15.0 pound
131059,91.0 pound
131060,355.0 millilitre
131061,550.0 pound
131062,500.0 gram
131063,19.0 pound
131064,12.0 fluid ounce
131065,128.0 fluid ounce
131066,930.0 gram
131067,220.0 pound
131068,32.0 gram
131069,4.6 pound
131070,1.0 fluid ounce
131071,227.0 gram
131072,20.0 millilitre
131073,518.0 gram
131074,64.0 gram
131075,2108.0 gram
131076,45.0 pound
131077,"[100.0, 240.0] volt"
131078,0.0 gram
131079,19.6 pound
131080,96.0 gram
131081,20.7 cubic inch
131082,80.0 gram
131083,45.0 gram
131084,32.0 fluid ounce
131085,264 pound
131086,7.62 metre
131087,1.35 volt
131088,11.0 pound
131089,128.0 gram
131090,420.0 gram
131091,120.0 gram
131092,100.0 gram
131093,1.0 gram
131094,47.0 pound
131095,600 pound
131096,59.0 millilitre
131097,7500.0 gram
131098,2.0 watt
131099,850.0 gram
131100,850.0 watt
131101,700.0 gram
131102,5.0 gram
131103,13.0 ton
131104,7.0 gram
131105,320.0 watt
131106,320.0 gram
131107,11.0 ounce
131108,45.0 watt
131109,45.0 gram
131110,14.0 fluid ounce
131111,453.0 gram
131112,800.0 gram
131113,350.0 millilitre
131114,11.35 volt
131115,200.0 gram
131116,1.0 gram
131117,2.0 fluid ounce
131118,500 pound
131119,56.0 gram
131120,110.0 pound
131121,110.0 pound
131122,105.0 pound
131123,48.0 volt
131124,0.85 volt
131125,0.17 watt
131126,250.0 pound
131127,250.0 pound
131128,550.0 gram
131129,1.15 fluid ounce
131130,5.4 kilogram
131131,1.5 pound
131132,12.0 fluid ounce
131133,3.52 pound
131134,16.0 ounce
131135,71.0 gram
131136,3.0 gram
131137,3.0 ton
131138,3.0 gram
131139,175.0 gram
131140,1.44 milligram
131141,5.85 pound
131142,946.0 millilitre
131143,40.0 cubic inch
131144,119.0 pound
131145,1700.0 watt
131146,1700.0 gram
131147,88.0 pound
131148,128.0 gram
131149,260.0 millilitre
131150,100.0 gram
131151,200.0 gram
131152,200.0 gram
131153,8.45 fluid ounce
131154,5.7 pound
131155,24.9 gram
131156,8.0 fluid ounce
131157,40.0 pound
131158,16.0 fluid ounce
131159,44.0 gram
131160,92.0 ton
131161,20.0 millilitre
131162,53.0 pound
131163,53.0 pound
131164,11.5 fluid ounce
131165,100.0 gram
131166,100.0 ton
131167,1.5 pound
131168,473.0 millilitre
131169,14.0 fluid ounce
131170,20.1 pound
131171,600.0 gram
131172,8.5 fluid ounce
131173,36.0 gram
131174,31.0 gram
131175,17.1 volt
131176,100.0 gram
131177,80.0 gram
131178,32.0 fluid ounce
131179,3.0 pound
131180,160.0 gram
131181,15.0 gram
131182,1500.0 pound
131183,100.0 ton
131184,100.0 ton
131185,125.0 gram
131186,125.0 gram
